id,name,branch,studentType,summaryQuote
"1","박준하","마포","N수생","학생들이 스스로 졸지 않으려는 면학분위기가 조성되어 자연스럽게 옆 학생을 보며 졸지않으려고 노력하게되었어요."
"2","임다연","평택","N수생","추가 지출 부담을 덜면서도 익숙한 강의로 학습을 이어갈 수 있어 효율과 실속을 모두 챙겼습니다 철저한 출결 관리와 졸음 방지 등 학원의 전반적인 분위기를 세심하게 잡아주신 선생님께 진심으로 감사드렸어요."
"3","서현진","인천송도","재학생(고3)","질의응답을 고른 이유가 학습적인 측면에서도 국어, 수학, 영어, 탐구과목 모두 방면에서 잘 질문을 하고 좋은 답변을 받았었고, 그 뿐만 아니라 입시에 관련된 내용들도 원장님과 대표님, 조교쌤들과의 상담을 통해 방향성을 잘 잡은 것 같기 때문에요."
"4","서채영","하남","N수생","원장선생님과 출결관리를 해주셨던 선생님 그리고 플레너 관리를 해주셨던 선생님 정말 감사했어요."
"5","정지우","분당정자","N수생","그냥 빨리 일어나니까 생활습관 잡히고 아침에 뇌가 깨어 있는 느낌?요."
"6","김민지","하남","반수생","같이 공부하는 환경에서 자고 있는 학생이 있으면 깨워주시고 시간별로 돌아다니시면서 학습 분위기를 잡아주어 도움이 되었어요."
"7","박세훈","부산서면","N수생","이투스247학원의 학습 상담 시스템 덕분에 저의 취약 과목을 객관적으로 파악하고 구체적인 보완 계획을 세울 수 있었어요."
"8","김예현","강남","N수생","응시하면서 부족한 부분을 체계적으로 파악하고 보완할 수 있어 학습 방향을 잡는 데 큰 도움이 되었고 모의고사 성적을 비롯한 상담을 통해 성적을 향상시킬 수 있었어요."
"9","김규연","일산서구","N수생","이러한 부분들을 관리해주시고 정말 나에게 맞는 공부를 추천해주셔서 잘 할 수 있었어요."
"10","김서연","노량진","N수생","공부하기 좋은 환경과 힘들게 공부할 때 많이 챙겨 주셔서 재수생활을 버티는데 도움이 많이 되었어요."
"11","정수빈","목동","N수생","이것 저것 다 해야할 것 같은 조급함에 이러지도 저러지도 못하고 있을때 담임선생님과의 학습상담을 통해서 저와 맞는 학습 계획을 세우고 저만의 템포로 공부할 수 있어서 좋았습니다 또한, 저는 맞는 인강쌤을 찾기 힘들어 많이 왔다갔다 거리는 인강 유목민이었어요."
"12","배연우","서울성동","N수생","원장 선생님과의 1 대 1 상담을 통해 학습 중 생긴 고민거리나 궁금증을 해결할 수 있는 게 가장 좋았어요."
"13","송재윤","이천기숙","N수생","제가 모의고사를 풀거나 공부를 하며 많은 스트레스를 받았을 때 담임 선생님께 상담을 받아 많은 도움이 되었던 거 같았어요."
"14","이나윤","부산교대","재학생(고3)","원장선생님, 부원장 선생님을 비롯한 선생님들께서 정말 언제든 시간을 내어 적극적으로 상담해주셔서 좋았어요 부원장선생님과 국어 상담을 몇 번 진행했는데, 타 인강 강사 선생님들의 세부적인 특징들을 모두 말해주시면서 저와 가장 잘 맞아보이는 선생님을 추천해주셨어요."
"15","김동현","수원정자","N수생","해서 개인에게 맞춘 상담을 진행할 때 플래너를 중심으로 첨삭하고 피드백 받는 과정이 가장 뼈와 살이 된다고 생각하며, 그 과정에서 수강 강좌 및 성적(실력) 체크 그리고 전체적인 비전을 가져갈 수 있는 것이 좋았다고 봅니었어요."
"16","고규빈","광명","N수생","이런 저에게 담임쌤과 국어, 수학 담당 원장님들이 재수 생활에 대한 전반적인 조언을 해주신 덕분에 안정적으로 수험 생활을 할 수 있었던 것 같았어요."
"17","현승비","대구달서","재학생(고3)","영어 단어, 듣기까지 등한시하지 않고 매일 테스트를 보니 감을 잃지 않을 수 있었습니다 윈터스쿨 2달동안 생활, 학습 전반적인 부분에서 밀도있게 관리해주셔서 현재 따로 관리형을 다니지 않아도 그때의 습관이 그대로 남아있는것 같았어요."
"18","이시현","이천기숙","N수생","잠 관리가 잘 안되는 편이였는데 생활담임 선생님들이 아침에 깨워주셔서 규칙적인 학습루틴을 유지할 수 있었어요."
"19","손예원","서울대","재학생(고3)","휴대폰을 누군가 강제적으로 제출하게 해야 공부에 집중할 수 있었는데 이투스에서 그런 시스템을 가지고 관리를 해주어서 공부에 집중할 수 있었어요."
"20","최서현","대구달서","반수생","그러다가 이투스에 와서 본격적인 반수를 시작하고,담임 선생님과의 상담을 통해 현재 내가 해야하는 부분, 강점과 부족한 부분, 세세한 모의고사 피드백 등을 알 수 있어 만족스러웠어요."
"21","김한비","부산서면","N수생","기출이나 N제 또한 진도와 성적에 맞는 교재로 추천해주셔서 성적 향상에 더 큰 도움을 받을 수 있었어요."
"22","김정훈","부산해운대","재학생(고3)","재수학원의 생활관리 시스템 중에서 특히 면학분위기 감독과 졸음 관리는 실제로 공부하는 데 있어 정말 많은 도움이 됐어요."
"23","이현송","광주남구","N수생","다른 독서실처럼 일방적으로 통제하기보다는 개인 상태에 맞춘 관리가 이루어져 훨씬 집중도 높은 학습이 가능했어요."
"24","채희완","독학기숙","재학생(고3)","헉습에 집중할수있더록 멘탈관리를 잘해주셨습니었어요."
"25","박규리","원주","반수생","자기주도적인학습이 잘 되지 않는 사람들은 보통 어디서부터 시작해야할지 막막한데 이투스는 한 주마다 상담을하며 어떤 커리큘럼을 탈지, 어떤 부분이 부족한지에 대해 심도있게 대화하며 계획을 같이 짜게되니 아무런 계획이 없이 그냥 들어오기만 하면 이끌어주니까 공부에 집중할 수 있는 환경이 만들어집니다 평소 현역시절 학원만 다녀 인강이나 교재에 대해 정보가 전무했는데 이투스 조교 선생님께서 과목별로 나의 수준에 맞는 교재와 문이과를 가리지 않고 다양한 인강 강사를 추천해주셔서 평소 인강계에 대해 관심이 없었던 사람들까지 이 학원에 온다면 자기의 학습패턴에 맞는 커리큘럼을 탈 수 있습니다 오며가며 출석과 외부 일정 관리를 하는데에 있어 수기로 체크하거나 하면 번거로운데 전자출결로 스케줄을 체크하니 잠깐이라도 낭비되는 시간을 줄일 수 있어 좋았어요."
"26","김수정","하남","N수생","학원의 면학 분위기가 매우 잘 조성되어 있어 공부에 집중하기에 좋은 환경이었어요."
"27","김재이","대전둔산","N수생","스트레스 없이 아이가 입시 공부에만 집중 할 수 있는 분위기 조성도 잘 해주신것 같았어요."
"28","박정연","부산서면","반수생","성적이 낮은 과목이 있었는데 저에게 알맞은 강의를 추천해주셔서 많이 도움이 되었습니다 모의고사 성적표가 나올때마다 어떤 과목 중심으로 공부해야 효율적일지 같이 고민하고 상담해주셔서 좋았습니다 매일 플래너를 쓰니까 계획적으로 학습을 할수 있어서 좋았어요."
"29","강유솔","서울강동","N수생","선생님이 직접 상담해주시는 시스템을 통해 스스로 세운 학습 계획이 올바르다는 것을 확인하고 계속해서 주도적으로 학습할 수 있었어요."
"30","조예은","의정부","N수생","이런 분위기 덕분에 더 공부에 집중하려고요."
"31","최지환","수원정자","재학생(고3)","면학 분위기 관리와 감독이 잘 이루어져서 학습에 집중하기 좋은 환경이었어요."
"32","최민준","광주북구","재학생(고3)","감독 시스템이 있어 집중력을 유지하는 데 큰 도움이 되었어요."
"33","유경민","의정부","재학생(고3)","일주일마다 상담을 해주시는데 부족한 학습, 향후 학습 등을 구체적으로 설정하는데 큰 도움이 되었습니다 그 덕분에 매주 템포를 맞춰 공부를 할 수 있었고 느슨해지지 않았습니다 그리고 매일 영단어 시험, 영어 듣기 테스트, 문제 질문첨삭 상담 등 코칭 시스템이 다양하고 풍부하여 유용하게 활용하였습니다 신뢰할 수 있는 대학생 멘토쌤과 언제든지 1:1 질의응답을 할 수 있는게 되게 유용했어요."
"34","이준서","부산교대","재학생(고3)","솔직히 이런게 없으면 공부할 환경 자체가 만들어지지 않기에 더더욱 좋았던거 같았어요."
"35","서연오","구리남양주","재학생(고3)","멘토 선생님께서 수준에 맞는 문제집을 추천해 주시고 학습법을 알려주셔서 큰 도움이 되었어요."
"36","서혜림","부산해운대","반수생","반수를 시작했을 때는 이미 늦었다는 생각이 들어 불안했지만, 이투스247재수학원에서 체계적인 관리와 상담을 받으며 더 빠르게 방향을 잡을 수 있었던 것 같았어요."
"37","조도원","목동","N수생","저는 2주에 한번씩 학습 상담울 받았었는데요, 저는 못하는 과목을 기피하는 성향이 있었는데,특히 영어가 그랬던 것 같았어요."
"38","김재언","부산교대","N수생","계획짜는 방법이나 공부방법을 잘 몰랐어서 힘들었지만 선생님들의 조언과 말씀들 덕분에 공부를 어떻게 해야하는지 알게 되었어요."
"39","허채원","안성기숙","N수생","기숙이라 여러모로 불편한 점이 많았는데 상담을 통해 격려와 응원을 받았고 시설 문제가 생겼을 때 대처해주려 노력하시는 부분이 좋았습니다…또한 타 학생의 방해행동에 대해 서로 불편하지 않는 선에서 해결해주셨습니었어요."
"40","박나현","하남","반수생","주변에 시끄러운 친구가 있을 때 피드백 반영이 빠르게 됐고 감독을 자주 하러 오셔서 졸지 않고 더 집중해서 공부할 수 있었어요."
"41","유승범","강남","N수생","주기적으로 일정기간동안 작성한 플래너를 검사받으면서 담임선생님과 어떤 교재나 강의 그리고 공부계획등을 언제까지 끝낼지, 또 그 계획이 잘 이루어졌는지를 확인할 수 있어 좋았어요."
"42","천지원","이천기숙","반수생","학습 상담을 하기 전에는 어떻게 공부해야 할지 막막했는데, 상담 진행 후에 학습방법을 바꾸어 전략적으로 학습했고 훨씬 수월했습니다 공부를 할 때 딴짓을 많이 하는 편인데, 이 시스템은 아예 딴짓을 원천차단해서 공부에 집중하기 너무 좋았어요."
"43","김윤하","부산해운대","N수생","덕분에 규칙적인 생활 습관도 함께 잡을 수 있었고 집중하는 시간도 점점 늘어서 학습에 도움이 많이 됐어요."
"44","설수환","부산교대","재학생(고3)","등등 수능 성적을 올리는 데에 중요한 부분들을 많이 가르쳐주셨습니었어요."
"45","이준서","강남","N수생","수험생의 상태를 성적뿐 아니라 그 이외의 것 들도 수험생활에 집중 할 수 있도록 상담해주셨어요."
"46","손유창","강북","N수생","졸음 관리와 생활 습관 교정에도 큰 도움을 준었어요."
"47","문채원","강북","N수생","학습 상담뿐만 아니라 졸음을 느낄 때, 집중력이 흐려질 때 등 생활 상담에 대해서도 해답을 주셔서 좋았어요."
"48","송태희","강북","N수생","상담을 주기적으로 하면서 나의 현재 위치를 알고 계속하여 마음을 다 잡을 수 있었다 매일 작성하는 일간 학습 플래너를 토대로 하교시 제출 후, 다음날 바로 바로 피드백을 해주셔서 좋았어요."
"49","이경호","평택","반수생","친절한 상담으로 멘탈을 잡아주시면서도, 공부할 때는 확실하게 관리해 주시는 시스템 덕분에 효율적으로 성적을 올릴 수 있는 환경이었어요."
"50","김유라","독학기숙","N수생","학습뿐만 아니라 생활방면에서도 학생들의 멘탈케어를 위해 생활담임 선생님들께서 관심을 가지고 대해주셨던 점이 힘든 기숙학원 생활에서 도움이 많이 되었어요."
"51","박유민","이천기숙","반수생","국어가 맨날 5~6등급이었지만 국어 멘토링덕분에 2,3,4등급은 안정적으로 받을수있는 수준으로 발전하였어요."
"52","이시은","인천청라","재학생(고3)","면학 분위기가 잘 유지된다는 점에서 집중하는 데 큰 도움이 됐어요."
"53","박준한","광주수완","N수생","생활적 부분에만 관리를 했다면 학교 등록에 있어서요."
"54","윤승재","안산","재학생(고3)","단순히 자습 시간만 부여하는 것이 아니라, 플래너 점검과 엄격한 생활 관리를 통해 버려지는 시간을 최소화할 수 있었어요."
"55","김태윤","은평서대문","재학생(고3)","플래너 쓰기 귀찮아서 대충 썼었는데 플래너 검사를 통해 해야 되는 것을 가시화하는 습관을 만들게 되어 수험생활에 큰 도움이 되었어요."
"56","김준영","광주남구","N수생","생활관리 시스템중에서 특히 유용했던점은 전자출결 시스템을 이용해서 일일이 확인하는일이 없어 서로 번거로운일 없이 출석체크가 가능했어요."
"57","이예린","서울강동","N수생","이투스 홈페이지에 게시되어있는 온라인 학습 관리 시스템을 사용한 기억은 없었어요."
"58","오현준","울산남구","N수생","재수를 하면서 인간관계가 좁아질 수 밖에 없고 사람을 만날 기회도 줄어 사람과 대화할 수 있는 기회가 줄었습니다 그때마다 상담을 통해 힘든점을 얘기하여 멘탈을 잘 잡고 공부에 더 집중할 수 있는 동력이 되었습니다 모의고사를 친 후 제 성적을 직접 기입하여 내 정확한 점수와 위치를 확인할 수 있었습니다 더불어 내가 어떤 곳에서 실수했는지 셀프 피드백을 손으로 써보며 다음번에는 같은 실수를 반복하지 않게 됐고 객관적인 사후 판단을 할 수 있는점이 좋았습니다 제가 잠이 많은 편이라서 졸때가 많았는데 그때마다 잠을 깨워주고 다시 공부를 하게 만들어주는 점이 좋았습니다 또한 규칙적인게 아닌 불규칙적으로 돌면서 계속 긴장감을 유지해주는 점도 좋았습니다 일정한 시간에만 돌면 그 시간을 피해서 잘 수도 있는데 그런 점을 감안한 선생님들의 배려가 좋았습니다 공부를 하다보면 암기 위주의 공부가 질릴수도 있는데 매일매일 선생님들이 프린트를 바꿔주는 노력을 보고 저도 동기를 받아 열심히 외웠던거 같습니다 또한 외운 단어가 실제로 지문에 나왔을때 기분도 좋고 해석이 원활히 되는걸 보고 더 열심히 하게 돼 좋은 학습 콘텐츠라고 생각합니다 한명한명 학생들에게 친절하게 대해주시고 언제나 필요한 부분이 있다면 최대한 도와주시려는 모습들 모두 감사했습니다 선생님들의 관리가 없었다면 아마 헤이해지는 순간들이 더 많았을거 같습니다 선생님들도 아침부터 밤까지 일하시면서 피곤하실때도 있고 쉬고 싶을때도 있을테지만 저희 학생들을 위해서 매일매일 관리해주시는 모습들은 아직 기억이 날 정도로 감사했습니다 수능을 위해 같이 달려온 날들이 결코 짧지 않았고 그만큼 선생님들에게 감사한 마음은 작지 않습니다 앞으로 행복하고 좋은 일만 가득했으면 좋겠습니었어요."
"59","성윤서","일산서구","재학생(고3)","스케줄관리에 딱히 큰 시간을 투자하지 않아도 된다는 점이 유용했어요."
"60","박준혁","광주수완","N수생","수학또한 강사님을 먼저 골라주시고 거기서 저의 수준에 맞게 강의를 골라주셔서 그나마 더 나은 성적이 나오게 되었어요."
"61","황종서","수원정자","재학생(고3)","진도 관리까지 함께 이루어져 꾸준함을 유지할 수 있었던 점이 큰 장점이었습니다 방화벽이 적용된 와이파이를 사용하면서 공부와 관련 없는 사이트 접속이 차단되어 자연스럽게 딴짓을 줄일 수 있었습니다 평소에는 무심코 들어가던 영상이나 SNS를 보지 않게 되니 집중력이 훨씬 유지되었고, 공부 흐름이 끊기지 않는 점이 좋았습니다 환경 자체가 공부에 맞춰져 있어 스스로 통제하기 어려운 부분을 보완해준다는 점에서 큰 도움이 되었습니다 보카 테스트를 꾸준히 보면서 단어 암기를 미루지 않고 반복할 수 있었던 점이 좋았어요."
"62","김하린","강북","재학생(고3)","모으고사 틀린문제를 직접 분석해주시며 개인별 부족한점과 보완할점을 각각 알려주셔 성적향상에 큰 도움이 되었다 취약한 부분에 대해 알 수 있고, 입시라는 현실에 부딪히게 해주어서 과목 편식과 같은 습관들로부터 벗어날 수 있었다 또한 나의 문제점을 바로 확인할 수 있었어요."
"63","정히연","수원영통","N수생","짧은 기간 이었지만 학생을 생각해서 시간을 많이 투자한다는 느낌을 받았고요 무엇보다 공부습관이 잘 안 잡혀있었고 여러 상황들로 지각이나 일찍 집으로 갈 때가 있었는데 스트레스 받지 않고 생활 습관이 잘 잡히도록 코칭해주셨습니다 수능이 끝나고 진학사를 제가 사서 상담을 진행했지만 나름 유익했습니다 독학재수를 하면서 가장 어려웠던 점은 혼자 공부하다 보니 쉽게 방향을 잃고 시간 관리가 흐트러진다는 것이었어요."
"64","김효진","제주","N수생","입시를 목표로 하는 환경에서 오랜 기간 일해오신 원장님이 직접 해주시는 학습 상담이다 보니, 그간 스스로 해오는 과정에서 생긴 의문이나 고민에 대해 노하우를 근거로 한 답변을 통해 해결해 나갈 수 있었어요."
"65","강효찬","목포","재학생(고3)","학습할때의 불편한것이 있는지 항상 확인해주시고 계속 신경써주셔서 편한 환경에서 공부를 할 수 있었습니다 베이스가 없는상태에서 시작했는데 이투스뿐만 아니라 다른 사이트 강사 선생님들을 저의 성향에 맞게 추천해주셨던것 같았어요."
"66","유승윤","노량진","N수생","출결관리도 해주시고 졸거나 집중안될 때 도와주시고 면학분위기 조성해주셔서 감사했어요."
"67","이규학","서울광진","반수생","이런 생활 관리 시스템 덕분에 학습 습관이 규칙적으로 잡히고 성과 향상에 큰 도움이 되었어요."
"68","박진","안산","N수생","졸음도 가끔 들어오셔서 돌아다니시면서 깨워주시는데 그것 덕에 졸음도 깨고 공부 집중에 도움이 되었어요."
"69","송서연","이천기숙","반수생","학습에 관해 고민이 있거나 번아웃이 오면 담임선생님께 편하게 질문, 상담한 것이 좋았어요."
"70","진예담","안성기숙","N수생","뿐만 아니라 보통 1년동안 담당 해주실 담임 선생님이 정해지기 때문에 계속 같은 데이터와 정보를 가지고 상담 해주신었어요."
"71","신미르","인천송도","N수생","아떤 과목에 시간을 투자하는지 한눈에 볼 수 있어 계획을 바꾸는 것도 쉽게 할 수 있었어요."
"72","고현성","의정부","재학생(고3)","잠을 자도 절제없이 잠을 자던 것이 많았고, 또 저 뿐만이 아닌 타 학생의 자는 모습 등을 관리해 주시니 공부 분위기 형성에 좋았어요."
"73","최수인","은평서대문","반수생","실전과 유사한 환경을 경험하며 시간 관리와 문제 풀이 전략을 점검하는 데 도움이 되었어요."
"74","선수아","수원정자","재학생(고3)","수능을 준비하는 학생의 경우 하루에 전과목을 어떻게 나누어 공부할 것인지가 관건인데, 하루 일과를 계획한 플래너를 기반으로 과목별 밸런스를 피드백해주셔서 이를 바탕으로 효율적으로 공부할 수 있었어요."
"75","김철현","광주북구","재학생(고3)","국어 멘토링을 통해 제 부족한 점을 날카롭게 짚어주시고, 1대1 플래너 상담으로 막막했던 학습 방향을 잡아주신 덕분에 큰 힘이 되었어요."
"76","강현준","강북","반수생","최대한 공부에 집중할 수 있는 환경을 만들어주실려고요."
"77","강민석","강북","재학생(고3)","적극적인 관심 덕분에 다른 사설 상담업체 방문이 필요없었고 매상황마다 적절하고 적합한 조언이 크게 도움 됐어요 매일매일 내가 학습한 공부량을 확인할 수 있어 좋았고 내가 공부한 부분을 정리함으로써 한번 더 상기된 것 같다 또한 매일 기록표를 제출하고 담임선생님 피드백을 확인하는 과정에서 의무감과 책임감응 느껴 긴입시기간동안 풀어지지 않는 생활을 한 것 같아요 학원 전자 출결은 학생의 출석 상황을 실시간으로 확인할 수 있어 관리가 편리하었어요."
"78","윤재원","파주","N수생","재수 생활을 시작하며 막막했던 제게 학습코칭은 단순한 스케줄 관리를 넘어선 '터닝 포인트'였어요."
"79","김민아","원주","재학생(고3)","집이나 스터디 카페에서 혼자 공부하는 것보다, 졸면 깨워주시고 졸음관리를 학원에서 철저하게 해 주시는 게 학습시간을 늘리고, 또 면학 분위기도 좋아 집중을 향상하는 데에 큰 도움이 되어 좋았어요."
"80","김예지","마포","반수생","매일 플래너 점검과 피드백을 통해 부족한 과목과 문제점등을 빠르게 파악하고 보완할 수 있었으며, 생활관리도 함께 이루어져 규칙적인 생활 습관을 형성하는 데 큰 도움이 되었습니다이러한 체계적인 관리 덕분에 스스로 공부하는 힘과 자기관리 능력을 기를 수 있었던거같고 큰 도움이 되었어요."
"81","이수현","부산서면","N수생","매달 치르는 모의고사 성적표로 개인 상담을 진행했을때 과목별로 현재 부족한 점과 보안할 점을 자세히 알려주셨습니었어요."
"82","이민선","일산화정","반수생","공부에만 더욱 집중할 수 있었어요."
"83","조서빈","광주북구","재학생(고3)","매주 무엇을 더 공부하며 채워나가야할지나 지금 현재 부족한 점과 그것을 보완할 방법에 대해 알려주시고 한 선생님의 커리만 따르는 것이 아닌 내가 진짜 필요한 강좌나 교재를 추천해주셔서 내가 필요한 부분을 채우며 실력을 쌓아나갈 수 있었다 인강과 교재를 체계적으로 추천해 주시고, 수강 관리뿐만 아니라 학습 스케줄까지 함께 관리해 주셔서 매일 해야 할 공부를 적절한 분량으로 꾸준히 해낼 수 있었어요."
"84","김채환","안성기숙","N수생","도 해주셔서 좋았습니다 기본적으로 매달 정기휴가를 제외하고는 대입실에 휴대폰을 보관하도록하니 이게 기숙학원의 큰장점이라고 느꼈고, 휴대폰 사용 적발시 바로 퇴원조치라는 강한 규정이 있어서 더욱 공부에 집중할수있었던것 같습니다 메가스터디와 이투스 패스를 둘다 사용한 저로써 대표적으로 이투스의 국어박광일 강사의 강의가 매우 도움이많이됐고, 다른 타과목의 강사진들 또한 경쟁력있으신분들이 많아서 좋았던것같습니다 Tm반 담임 송상윤 선생님 1년동안 열정과 관심으로 저희 tm반 신경쓰고 관리해주셔서 감사했어요."
"85","목가원","인천부평","N수생","면학 분위기와 졸음 관리를 보고 학원에 등록했을 정도로 이를 중요하게 생각하였는데, 관리가 매우 철저하게 이루어져 학습에 큰 도움이 되었어요."
"86","정은이","서울대","반수생","항상 웃음으로 대해주셔서 힘든 반수생 생활이 덕분에 덜 힘들었어요."
"87","최민철","서울대","N수생","생활에대한 문제들이나 집중력에대한 문제들 또한 좋은 해결책들을 제안해주셔서 너무 유용했습니다 매주 멘토선생님께서 상담을 해주시면서 생활에 관해 답답하거나 잘모르겠는 부분들을 상담해주셨었어요."
"88","고다은","파주","반수생","매주 소통하며 챙겨주시려고 모습이 와닿아 감사한 마음이 많이 남아있는 학원입니다 재종 못지 않은 컨텐츠를 제공받을 수 있고 집중 안될때나 답답할때 강의실에서 자습할 수 있어서 좋았습니다 어느정도 진행했는지 스스로 체크하기 어려웠는데 멘토님들과 확인하며 양을 늘리거나 이렇게 보충할 수 있었습니다 지구과학 같은 경우 베이스가 많이 없는 상황이었는데 양을 늘리는 것을 통해 실력을 쌓아 어느정도의 점수를 획득할 수 있었습니다 휴대폰이 공부의 가장 큰 적인데 제출하니 공부가 흥미의 대상이 되어 내용 자체에 재미를 가지고 공부한 기억이 있습니다 저녁에 다시 가져가면서 휴대폰하며 도파민 충전을 했습니다 1년동안 최대한 집중하고 많은 시간을 확보하기 위해 꼭 필요한 재재인것 같습니다 적당한 난이도로 구성되어 실제 제 실력을 평가하기에 좋은 모의고사였습니다 국어를 특히 어려워했는데 분석하고 문학도 다양한 부분을 점검해볼 수 있는 기회가 되었습니다 그리고 이후 나오는 성적 분석서도 제 실력을 객관적으로 볼 수 있는 지표가 되었습니다 컨디션이 안 좋아지기도 했었는데 그때 선생님들의 한마디가 위로가 되었습니다 선생님들 덕분에 끝까지 포기하지 않고 수능날까지 할 수 있는만큼 해나가며 완주할 수 있었어요 정말 감사했어요."
"89","정여원","이천기숙","재학생(고3)","관리를 해주는 사람이 있으니 경고나 졸음주의를 받지 않도록 생활을 해야겠다 생각을 했던것 같았어요."
"90","이조은","대전둔산","N수생","실제 시험과 비슷한 환경과 시간으로 더욱 몰입하여 시험을 치룰 수 있어 도움이 많이 되었어요."
"91","박시형","광주남구","재학생(고3)","질답 시스템도 잘 갖춰져 있어서 많이 도움이 되었던거 같습니다 매달 자신이 나간 진도와 목표로 했던 진도를 확인하고 점검을 받고 새로운 목표와 계획을 수립하도록 도와주셔서 공부방향이 올바르게 가고있는지 잘 점검할수 있었고 혹시 잘못된 곳으로 가고있다면 다시 잘 잡아주셔서 좋았습니다 생활 관리 시스템을 통해 하루 일과가 체계적으로 정리되어 시간 낭비가 줄어들고, 해야 할 일을 놓치지 않게 된 점이 가장 유용했어요."
"92","윤서연","목동","N수생","좋은 학습 분위기를 제공해주셔서 감사드렸어요."
"93","김정연","분당정자","N수생","한 과목에만 집중하면 다른 과목으로 넘어가라는 피드백도 받을 수 있었어요."
"94","고현준","노량진","N수생","개인별 맞춤형으로 진행되는 1대1 상담 시스템이 수험 생활에 큰 도움이 되었어요."
"95","정재욱","평택","N수생","수면패턴과 낮잠 시간등의 조화를 깨닫게해주심, 원래 잠이 많은 학생이라 고치고 싶었는데 이 과정에 많은 도움을 주셨었어요."
"96","김상엽","이천기숙","N수생","플래너를 통해서 점차 많은 목표를 이루어 갔을 때 성취감을 느껴서 좋았다 면학분위기와 졸음등등을 선생님들이 매일 매시간 관리를 해주셔서 학습을 하는데 있어 많은 도움을 받았다 요."
"97","이수성","목동","N수생","처음에 진짜 많이 졸았는데 많이 깨워주셔서 생활 관리가 잘 되고 많이 습관이 잡힌 것 같았어요."
"98","양은서","마포","N수생","재수 학원을 다니는 가장 큰 이유가 꾸준함과 성실함이 부족하면 일관된 생활 패턴과 적절한 학습량을 만들 수 없기 때문인데, 플래너를 통해 스스로 학습 계획을 세우고 적절한 계획인지 확인받아가며 저만의 공부 루틴을 세울 수 있었어요."
"99","권지우","청주","N수생","어려운 문제가 있을 때 온라인이나 오프라인으로 상담 신청을 하면 바로 답변을 해주셔서 더 편리하게 공부할 수 있었어요."
"100","박찬용","익산","N수생","아무래도 궁금한게 있을때 바로 질문 가능한게 너무 좋았어요 인강에서도 설명해주지 않거나, 혹은 인강 QNA가 모호한 부분이 있는 경우가 있는데 확실히 공부 잘하시는 분들만 모여있으니까 바로바로 명쾌한 답변을 얻을 수 있던게 좋았습니다 내가 무엇을 들을지 헤메지 않고 확실하게 추천을 해주고, 실제로 그 교내나 인강이 꽤나 도움이 되었다고 생각합니다 그래서 추천해요 옆에 사람이 있는 것과 없는 것의 차이가 되게 커요."
"101","노서하","강북","N수생","학습 보조 및 관리 측면에서는 제 성적을 누군가 지속적으로 점검해준다는 점에서 항상 긴장감을 유지하며 시험에 임할 수 있어 도움이 되었어요."
"102","최환웅","제주","재학생(고3)","전자출결 시스템을 통해 출석 관리가 체계적으로 이루어져 스스로 학습 태도를 점검할 수 있었고, 지각이나 결석을 줄이는 데에도 도움이 되었어요."
"103","유가현","이천기숙","N수생","학습 계획 설정과 플래너 관리에서 공부 습관이 형성되어 있지 않을 때에 하루에 어떻게 공부를 하고 어느정도의 양을 소화할 수 있는지 확인하고 앞으로의 학습을 위해 효율적인 계획을 세울 수 있도록 스스로 훈련할 수 있었어요."
"104","류은빈","안산","N수생","어떤 선생님꺼 들어야하는지 어떻게공부해야하는지 혼자 고민을 많이하다가 상담하면 어떤 강의를 들어야하는지 어떻게 공부해야하는지 같이 고민해주시고 꿀팁도주시고 알려주셔서 많은 도움이되었고 유용했음 공부하다가 해설을 봐도 헷갈리거나 이해가안되거나 모르는 문제가있으면 바로 가져가서 물어보면 친절하게 알려주셔서 빠르고 쉽게 이해할수있고 이해못하면어떡하나 이런 심적 부담감이 없었던게 좋았다 집에서 하거나 스터기카페에서 혼자 공부를 하면 핸드폰을 습관처럼 계속 보고 신경이 쓰여서 집중을 잘 못하는데 핸드폰을 제출하니까 핸드폰 샹각이나도 폰이없으니 하지않게되어서 공부에 집중하는데에 좋았다 요일마다 다른과목들을 매일 테스트보니까 까먹을것도 안까먹게되고 알아가는것도 생기고 테스트를 보기위해서 단어도 외우게되고 공부를 하게되어서 스스로 열심히하게만드는 수단이되었던것같아서 유용한것같다 재수 처음할때 답답하고 되게 막막했는데 많은 도움들 주셔서 덕분에 잘 할 수 있었오요 요."
"105","김정민","독학기숙","N수생","어느 부분을 더 집중적으로 보완해야하는지 콕 찝어서 말씀해주셔서 부족한 점을 채울 수 있었어요."
"106","서수민","서울송파","N수생","담임쌤이랑 매주 한번씩 공부방법,피드백,고쳐야 할점 등등 학습에 도움되는 이야기를 할 수 있어서요."
"107","김예지","하남","N수생","같은 학원에서 좋은 성적을 받고 대학에 입학하신 멘토님께서 제 고민을 같이 고민해주시면서 제 수준에 필요한 좋은 교재도 추천해주시고, 방황할 때 이대로 쭉 해도 좋겠다고 격려해주신 점이 너무 좋았어요."
"108","김준희","광주남구","N수생","하루 공부량을 체계적으로 관리할 수 있었고, 생활 패턴도 규칙적으로 유지하는 데 도움이 되었어요."
"109","김예원","용인수지","반수생","반복되는 수험 생활 속에서 지칠 때마다 진행된 생활 상담이 큰 힘이 되었어요."
"110","이유진","인천송도","N수생","재수 전에는 공부에 집중을 잘 못했고 주의가 산만했었는데 생활관리 상담과 시스템 덕분에 처음에는 어려웠지만 집중력이 점점 올라갔으며 공부하는 습관이 만들어져서, 현재 대학생활 할때도 재밌게 공부하게되는 기반이 마련된 점에서 유용하다고 생각해요."
"111","안지우","김포","N수생","1대1로 상담을 하다보니까 모르는 것에 대해서 쉽게쉽게 물어볼 수 있고 설명듣다가도 모르는 부분이 생기면 바로 피드백을 받을 수 있는 부분이 유용했어요."
"112","박가현","인천송도","N수생","학습계획과 플래너 관리를 통해 하루 공부 흐름을 체계적으로 정리할 수 있었고, 목표를 구체적으로 세워 실천하는 데 큰 도움이 되었어요."
"113","홍은휼","부산교대","N수생","휴대폰을 수거함으로써 공부에 온전히 집중할 수 있는 환경을 조성할 수 있었어요."
"114","박유정","서울성동","반수생","원서를 어디에 써야하는지 몰라서 헤매고 있을 때 상담을 성적에 맞게 잘 해주셔서 너무 좋았어요."
"115","박현호","서울도봉","반수생","입시생으로서의 각오도 중요하지만 환경을 조성해주어 계획을 확실한 실행으로 옮길 수 있게 해주고요."
"116","권노현","부산북구","재학생(고3)","졸면 학습 분위기에 방해가 되었기 때문에 일반 스터디카페를 지양했었는데, 이투스 관리 시스템 덕분에 모두가 공부에 집중하는 분위기 속에서요."
"117","이해율","하남","N수생","매주 학습 플래너와 공부 계획을 점검 및 피드백 해주셨고 과목별 고민이나 공부방법, 커리큘럼 추천도 해주셨고 무엇보다 모의고사 응시 후 모의고사 관련 피드백이 매우 유용했던 것 같았어요."
"118","전수빈","춘천","N수생","삭막한 재수생활에 원장님과 실장님들이 친근하게 말 걸어주셔서요."
"119","이규진","서울송파","반수생","개개인의 학습 태도 및 공부계획을 잡아주어 공부에 집중할 수 있도록 해주었어요."
"120","문수진","서울강동","N수생","일주일에 한 번씩 학습 상담 선생님과의 상담을 통해 공부루틴과 생활 루틴에 대해 설명하고요."
"121","임혜영","서울송파","N수생","내 진도에 맞춰서 학습관리를 하니 다른사람을 신경쓰느라 에너지를 빼앗기지 않아서 좋았고 조급하지 않을 수 있었어요."
"122","이유연","독학기숙","N수생","담임선생님부터, 생활 관리 선생님들, 기숙 사감 선생님들 덕에 좋은 습관으로 공부 할 수 있었어요."
"123","박정연","서울송파","N수생","6월 모의고사 성적과 9월 모의고사 성적을 바탕으로 선생님께서 수시원서상담을 친절하게 진행해주셔서 도움이 많이 됐어 제 성적대에 맞는 대학을 추천해주셔서 감사했습니다 과도한 상향원서 작성이 아닌 현실적으로 가능한 원서를 작성하게끔 해주셔서 안정적으로 입시를 마무리했습니다 따로 과외나 학원을 다니기에는 학원비가 부담스럽고 시간적 여유도 없는데 과목에 대해 잘 알고있고 스킬이 있는 선생님들께서 1:1 시간제한없이 질의응답해주셔서 도움이 많이 됐습니다 친절하세요 집에서서는 시간관리를 못하고 핸드폰하느라 공부에 집중을 못할때가 다수였는대 핸드폰을 제출하고 공부하니까 자습시간이 늘고 공부에 더 집중할 수 있었어요 효율적인 시간관리가 가능했습니다 매일 보카테스트를 시행해서 단어 암기의 필요성을 느끼고 꾸준하게 학습할수있는 습관을 만들게 되었어요."
"124","박서희","일산서구","반수생","공부를 하면서 많이 불안하거나 확신이 들지 않을 때도 있었는데 선생님들과 상담하면서 그러한 고민들이 해소되었고 계획한 대로 공부를 잘 마무리할 수 있었어요."
"125","정원일","서울송파","N수생","각 과목별로 전문가 선생님들이 계셨던것도 너무 좋았다 나의 경우 따로 학원을 다니지 않고 인강만을 사용했는데 아무래도 인강 큐엔에이는 빠르지 않을때도 있다 보니 1:1로 질문하고 답을 얻는방식이 나에게 많은 도움이 되었던 것 같았어요."
"126","정지민","부산교대","반수생","원장님께서 직접 제 수업 진도와 학습 상황을 파악하신 뒤, 앞으로의 플랜을 짜는 것에 도움을 주셨습니었어요."
"127","성은제","동탄","N수생","평생 기억에 남을정도로 힘든적도 많았지만, 선생님들이 도와주신덕에 8개월동안 버틸수 있었던고 같았어요."
"128","최희서","안산","재학생(고3)","이투스에서 시간표를 추천해주고 어떤 교재, 방법으로 공부해야할지 방향성을 제시해줘서 공부하는 습관을 잡아가고 성적도 함께 얻을 수 있었던 것 같다 평소 영어 성적이 낮2~높3으로 애매하게 나와서 확실하게 등급을 올리고 싶었어요."
"129","권률환","원주","N수생","이투스 247의 체계적인 플래너 관리는 '막연한 불안감'을 '확실한 성취감'으로 바꿔주었어요."
"130","이다은","서울성북","재학생(고3)","스스로 자주적인 공부를 처음 시작할 때 가장 막막한 것이 계획세우기인데, 계획의 전체적인 방향성과 흐름을 1차적으로 잡아주고 계속해서 피드백하며 저에게 맞게 커리큘럼을 구성할 수 있도록 하는 컨설팅의 방식이 추후 학습에도 큰 도움이 됐었어요."
"131","이종민","강남","N수생","늘 학생들 생활관리며 시험때까지 완주하는데 신경써주시는 모습 감사드리고 특히 예민해질 수 있는 시기에 규칙 내에서도 유도리 있게 학생 생각해주시는 모습 감사했어요."
"132","최선우","원주","N수생","출석 시 휴대폰을 관리해주셔서 불필요한 사용을 줄이고, 공부에 더욱 집중할 수 있는 환경이 만들어진 점도 큰 도움이 되었어요."
"133","박건","인천청라","재학생(고3)","수시로 돌아다니시면서 학생들의 졸음관리를 해주시는 것이 매우 도움이 되었다고 생각하고 학원 생활을 관리해 주시는 것 또한 좋았다고 생각했어요."
"134","황예지","인천송도","반수생","수기로 직접 플래너를 쓰면서 공부를 했었는데, 프로그램으로 계획을 작성을 하니까 나의 공부시간 비중, 패턴을 쉽게 파악할 수 있었어요."
"135","차태훈","수원영통","N수생","우선 매일 아침 학원에 등원하게 되면 가장 먼저 핸드폰을 수거하게 되는데 핸드폰이 주위에 없이 공부를 하게 되니 집중도 잘 되고 좋았던거같습니다 평가원, 교육청 모의고사가 없는 달에도 나의 실력을 객관적으로 측정할 수 있는 모의고사가 필요했는데, 이투스 모의고사가 큰 도움이 됬습니다 모의고사를 다 본 뒤에도 해설지와 나의 실력을 표로 정리한 종이를 배부해서 앞으로의 공부에 도움이 되었습니다 학원에 계신 모든 선생님께 감사합니다 어떻게 공부해야할지 모를때 공부 방향도 알려주시고, 항상 풀컨디션으로 공부할 수 있게끔 해주셨습니다 재수 시절의 경험은 앞으로 살아가는데 큰 도움이 될거같았어요."
"136","최예은","강북","재학생(고3)","매일 매일 학습 계획을 짤 때 체계적이고 실행가능하게 짤 수 있도록 도와주셔서 도움이 많이 되었어요."
"137","이현준","수원정자","N수생","상담뿐만이 아니라 학원 시스템에 잘 적응하도록 많이 신경써주었다 원래 플래너를 자주 쓰는 성격이 아니다 mbti도 완전 p라서 평소에는 절대 안쓰는데 학원에 들어오고 플래너 관리를 너무 잘해주어 J가 되었고, 덕분에 인강도 안밀리고 잘 보았어요."
"138","구지우","일산동구","재학생(고3)","학생 개개인의 상황에 맞는 적절한 피드백과 공부 계획을 함께 고민해주시고 방향을 잡아주셔서 큰 도움이 되었어요."
"139","전민경","안성기숙","N수생","목표를 명확하게 만들어줌으로써 방향성을 제시해주셔서 고민이 없어졌다 또 자기통제력이 강화되어서 미루는 습관이 없어졌다 뇌가 한가지 일에 집중할 수 잇어서 깊은상태로 오래 공부를 할 수 있었어요."
"140","이주호","수원영통","반수생","생활시스템 중 졸음 방지와 면학 분위기 관리가 특히 만족스러웠어요."
"141","김지승","서울송파","N수생","다른 학생들도 같은 환경이라 분위기가 흐트러지지 않고, 전체적으로 집중하기 좋은 환경이 만들어졌다는 점도 유용했어요."
"142","이재용","하남","반수생","플래너도 나눠주셔서 쓰게해서 일과가 끝나고 오늘 하루를 복귀할 수 있었고 학원 관리또한 좋았습니다 관리같은 부분은 따로 선생님이 존재하셨는데요."
"143","박강산","이천기숙","반수생","라는 의문이들지만 직접 도와주시니까 이런 부분은 정말 좋은 것 같아요 보통 혼자 공부하다보면 자기가 잘하는 과목에 더 몰입하게되고 이러면서 규칙적이고 꾸준히해서 감각을 잃으면 안되는 국,영,수 과목에서 감을 잃을 수 있는 단점이 있는데 자신의 플래너를 확인하시고 저의 학습방향을 확인해주시고 진도량도 확인해주시니까 내가 느리구나 잘하고 있구나 이런 것들을 객관적으로 확인할 수 있으니까 항상 나를 돌아보고 다시 잘해보자라는 마음가짐을 다시 다잡을 수 있었던 것 같아요 졸고 있으면 깨워주시는 경우도 많고 다른 친구들이 딴짓하면 분위기 따라서 잘못되게 나도 딴짓을 하거나 시끄러운 환경을 만들 수 있는데 단체활동이다 보니까 학원 내 규정을 통해 제대로 관리해주시니까 나는 절대 저러지 말아야지라는 책임감이 생기는 것 같아요."
"144","김도희","원주","재학생(고3)","이투스 다니면서 만약에 1학년 때 부터 이런 좋은 환경에서 공부했으면 내신 성적도 많이 달라졌을 것 같다고 생각도 했었어요 ㅎㅎ 글고 이투스에서 상담했던 것들, 매주 모의고사 봤던거 , 모의수능 프로그램 등 등 너무 도움이 많이 됐어요."
"145","김태윤","서울광진","재학생(고3)","담임 선생님께서 저에게 여러 인강을 추천해주셔서 여러모로 다양한 도움이 되었어요."
"146","이한결","원주","재학생(고3)","실전 모의고사는 실제 수능과 유사한 난이도와 출제 경향을 반영해 실전 대비에 효과적이며, 상세한 성적 분석과 약점 파악이 가능해 학습 방향 설정에 도움을 주었어요."
"147","김동윤","원주","재학생(고3)","플래너 관리 시스템은 하루 공부 계획을 구체적으로 세우고 실천하게 해준 점에서 가장 유익했어요."
"148","장은서","서울강서","재학생(고3)","항상 따뜻한 마음으로 지도해주시고, 공부에 집중할 수 있는 좋은 환경을 만들어주셔서 진심으로 감사드렸어요."
"149","김범찬","마포","N수생","주간계획과 일간계획이 나눠져 있는 플래너를 이투스 247학원에서요."
"150","신하경","광주수완","N수생","저는 제 의지만으로는 개인 공부를 이어갈 수 없을 정도로 혼자서 하기에는 오래 집중하지 못하는데 생활관리 선생님이 돌아다니면서 관리감독을 해주시니까 몸이 조금 더 긴장되어 있어 중간중간 집중력을 다시 깨워주는 것 같아서 좋았어요."
"151","정원준","서울송파","N수생","방금 질문에서 말한 내용과 같습니다 계속해서 학습진행도를 점검해주고 무리한 계획이었다면 조금 줄이고 널널했다면 조금 늘려주는 방식으로 나에게 맞는 학습양을 알수있었습니다 코칭시스템덕분에 1년을 잘 달렸다고 생각합니다 아무래도 학습에서 제일 방해되는게 휴대폰이라고 생각하는데 학습할때 물리적으로 분리를 도와주니 확실히 학습에 도음이 되었습니다 원래 휴대폰이 없으면 못사는 사람인데 덕분에 좋은 결과를 얻을수있어서 정말 좋은 시스템이라고 생각합니더 저는 사회탐구를 수능때 봤습니다 수험생활동안 이지영선생님 수업이 꼭 듣고싶었는데 패스를 사기에는 애매하고 그렇다고 안듣자니 너무 아쉬웠습니다 하지만 학원에서 제공하는 이투스 패스로 이지영선생님을 수강하고 생윤 1등급을 달성했습니다 코칭선생님에게 목표를 이뤘다고 꼭 전해드리고싶습니다 감사했어요."
"152","김보현","인천송도","N수생","코칭 할때마다 국어 공부는 어떤지 어떤부분이 잘안되는지 물어봐주셔서 공부하는데 많은 도움이 되었습니다 아침에 꾸준히 학습계획을 쓰게 되면서 하루 목표 공부량과 시간을 정확히 알 수 있어서 좋았고 꾸준히 쓰다보니 진도도 안밀리고 부족한부분 보완할점도 같이 알려주셔서 공부하는데 많은 도움을 받았습니다 잠이 많아서 정말 자주 졸아서 공부 집중시간도 짧고 순공시간도 짧았는데 계속 돌아다니시면서 깨워주셔서 갈 수록 덜 졸게되고 집중시간도 길어지고 공부도 집중해서 더 잘 할 수 있었던 것 같아 좋았어요."
"153","채주혜","수원시청","재학생(고3)","덕분에 12년 공부 생활을 잘 마무리하고 새로운 공부 생활을 할 수 있게 도와주셔서 감사했어요."
"154","문서연","대구달서","재학생(고3)","학원 선생님께서 매일매일 플래너를 검사하셨고, 피드백도 자주 남겨주셔서 도움이 되었어요."
"155","오동석","인천송도","N수생","어떤 전략을 가지고 대학교를 지원해야하는지 친절하게 생명해주심 덕분에 진학가라는 앱을 유용하게 사용하는법을 알고 정시 카드를 잘 썼다 세세하게 분석하는법을 알려주시는게 정말 인상적이였다고 생각한다 내가 어떤 과목이 부족하고 부족한 과목을 어떤식으로 공부하고 얼마나 더 해야하는지 알려주셔서 그 과목에 맞추어서 더 열심히 공부하게 되었던것 같았어요."
"156","평민서","목동","N수생","일단 학습 스케쥴에 방해 되지 않도록 상담일자를 잡아주셔서 좋았어요."
"157","정승화","서울성북","N수생","학업 관리나 질문 상담 등 여러 부분을 포털 사이트로 전자로 관리할 수 있어서 편리했고 덕분에 공부에 조금이라도 더 집중하고 시간을 쓸 수 있어서 도움이 많이 되었어요."
"158","백기연","목동","반수생","국어 담당선생님이신 장유지쌤이 담임을 해주셨는데 공부 계획부터 방향성까지 아주 철저하게 이끌어주셨고 앞에서 문제도 풀면서 즉각적으로 피드백도 받고 혼자 할때는 공부를 이상한 방향으로 할 수도 있었을텐데 선생님이 계셔서 계속 방향을 잡아주셨던게 정말 좋았습니다 2주마다 담임선생님과 상담을 했던게 정말 큰 도움이 됐어요."
"159","김도윤","수원시청","재학생(고3)","이런 생활 관리로 학원 등원 뿐만아니라 다양한 제출기간, 목표 공부 시간 도달 등에도 많은 도움이 되었어요."
"160","안선종","분당정자","N수생","하고자하는 일에 집중할 수 있었어요."
"161","김명서","강남","반수생","모두 열심히 공부하는 환경에서 집중할 수 있었어요."
"162","김경우","서울강동","재학생(고3)","계속 공부만 하다가는 쉽게 지칠 수 있는데 생활상담을 통해서 머리를 리프레쉬 할 수 있었고, 입시생활에서 어떤 과목을 어떻게 공부하고 얼마나 할지, 과목당 공부시간배분 등 많은 부분에서 궁금하거나 의견을 묻고 싶을때 명확하게 답변을 해주셔서 도움이 많이 되었어요."
"163","정지우","서울성북","재학생(고3)","사실 플래너는 강제성이 없다면 빼먹기도하고 계획없이 하루를 보내게 되는데 이럴 경우 하루를 밀도있게 보내기 어렵었어요."
"164","송민섭","안성기숙","N수생","솔직히 처음 공부를 시작할 때는 뭐부터 해야할지 감을 잡기 어려웠는데 덕분에 수월하게 진도를 나간 것 같아요 제 MBTI가 P성향인지라 계획 세우기를 엄청 어려워 했었는데, 선생님이 플래너 작성과 계획 세우기를 코칭해주시고,적극적으로 조언을 해주셔서 체계적인 학습을 수행하는데 아주 큰 도움이 되었어요."
"165","박준영","이천기숙","N수생","저의 전반적인 생활을 관리해주시고 각종 다양한 샹활을 관리해주는 태민티처 감사했어요."
"166","이윤서","인천송도","N수생","학습 계획을 체계적으로 세울 수 있다는 점도 유용했어요."
"167","송시율","이천기숙","N수생","매달 정기적으로 시행되는 이투스 모의고사 시스템 덕분에 자칫 느슨해질 수 있는 수험 생활의 텐션을 정말 효과적으로 관리할 수 있었어요."
"168","차성원","서울성북","N수생","3월부터 이투스247에 다니게 되었는데 수능 전까지 거의 감시가 널널했던적이 없이 졸고 있으면 바로 깨워주시고 웬만한 시간에 자주 학습실에 들어와 관리를 해주시고 상담 일정도 주기적으로 매칭을 해주어 좋았다 모르는 문제가 있으면 이투스 어플에 들어가 바로 상담신청을 하면 조교 선생님께서 문제를 알려주어 당일에 해결을 할수 있었고 중간중간 정신적으로 힘들때 마다 저의 조교 담당 선생님과 멘탈 관리를 받아서 힘들았던 재수 생활이였지만 버틸수 있었던거 같다 다른 지점 같은 경우는 들리는 말로는 몰래 다른 활동을 할수 있다고 들었는데 이투스 247은 와이파이가 막혀있어 다른 사이트가 접속이 안되니 오로지 인강 사이트에 집중 할수 있었던거 같고 집중이 안될때에도 어쩔수 없이 인강만 들을수 있으니 다시 집중하여 들을수 있었던거 같다 매일매일 단어 시험만 보는것이 아닌 우리 지점은 주마다 매주 국어 시험과 수학을 시험을 보았는데 영어 단어도 평소에 나였으면 가끔 드문드문 보았을거 같은데 매일 시험을 보게하여 도움이 되었던거 같고 수학 국어시험을 매주보아 감을 잃지 않아 성적유지 및 향상에 도움이 되었다 다닐때는 정말 힘들었지만 돌아보니 열심히 할수 있게 되었던거 같습니다 비록 원하는 대학까지 가지는 못하였으나 1년동안 좋은 추억이였고 앞으로 도움이 되었을 1년인거 같았어요."
"169","정백준","진주","반수생","이투스 학원에서 평소 공부할 때 처럼 시간에 와서 치니까 평소랑 비슷한 기분도 들고 더 집중할 수 있었어요."
"170","김수연","광주북구","재학생(고3)","학습관리 시스템은 내 공부 시간을 체계적으로 관리하고 계획-실행-피드백 과정을 반복할 수 있게 해준 점에서 유용했어요."
"171","류재하","일산서구","N수생","매주 해야할 공부를 각자에 맞게 상담해주어서 도움이 되었어요."
"172","김민재","광주남구","N수생","담임선생님과 함께 본인에 맞는 커리큘럼을 짜며 소통할수있어 좋았고 달별로 점검 받으며 부족한 과목의 공부량을 더 늘리거나 하는등의 즉각적인 학습계획수정이 용이했음,또한 자주 특강을 개설하여 선택학생에게 공부중 부족한 부분을 추가로 공부할수 있도록 하게해서 좋았어요."
"173","박소윤","진주","N수생","스스로 강의를 찾느라 고민하는 시간이 줄어들고, 바로 학습에 집중할 수 있었다는 점에서 학습 흐름을 유지하는 데에도 긍정적인 영향을 주었습니다📚 공부의 방향을 명확하게 잡아주고 효율성을 높여주는 중요한 역할을 했다고 생각합니다✨ 학습 관리 시스템 중에서도 출석 관리와 생활 관리 부분이 특히 유용하다고 느꼈습니다😊 매일 출석 날짜를 체계적으로 관리해주셔서 스스로 흐트러지지 않고 꾸준히 학원에 나올 수 있었고, 자연스럽게 규칙적인 생활 습관을 유지하는 데 큰 도움이 되었어요."
"174","한율빈","하남","N수생","저의 현재 상태와 위치를 알 수 있었고 이를 통해 선생님과 상담 후 저의 방향을 설정할 수 있었고 사람마다 맞는 공부 스타일과 방법이 있으며 좋은 공부 방법과 나쁜 공부 방법은 딱히 없고 본인에게 맞는 학습 방법을 가져가면 되겠다고 생각했습니다 평소 저를 포함한 모든 학생들이 휴대폰에 빠져 살고 있지만 휴대폰을 수거함으로써 유혹도 제거되고 온전히 공부에만 집중할 수 있게 되었습니다 휴대폰이 없으니 공부도 더 잘 되고 순공시간도 늘어났습니었어요."
"175","이희구","의정부","N수생","학원이 집중할 수 있는 면학 분위기를 조성해주어서 공부하는 데에 도움이 되었던 것 같았어요."
"176","박유빈","서울성북","N수생","선생님들께서 항상 한결같이 친절하게 대해주시고 올바르게 지도해주셔서 작년보다 좋은 결과 낼 수 있었던 것 같아요."
"177","김성진","이천기숙","N수생","경험이 많으신 담임선생님 덕분에 공부방향을 잡고 또 숙소 친구들과 원만하게 잘 지낼 수 있어서 학습에 도움이 되었고 본인에 다시 열심히 공부한다면 이투스환경이 도움이 됩니다 부족한 부분이 뭔지를 잘 파악해서 상담하고 관리 해주심 또 담임과 통화하면서 학생에게 동기부여 함으로 자극을 주며, 또한 남녀가 확실히 분리되어 또한 관리도 철저하게 관리되는것을 학생으로 충분히 설명받음 야간 취침시간 관리며 아침 점심 다 통제시간도 철저했으며 식사 외 간식 제안 라면등 특식으로 제공되겠음 해주셔서 보기좋았어요."
"178","강현비","제주","N수생","매주 정해진 선생님과 학업상담뿐만 아니라 내가 지금 어떤 상황에 처해있고 어떤것 때문에 스트레스를 받는지 상담을 할수 있어 좋았다 예를 들면 학업상담에선 내가 부족한 부분을 찾아주시고 그거에 맞는 책 추천을 통해 발전할수있게 해주셔서 수능에선 그 부분은 안 틀리고 넘어갈수있었다 일상생활에서 받는 스트레스도 같이 공감해주시고 조언을 해주셔서 정신적으로도 도움이 많이 되었다 수강 관리를 같이 하니까 공부를 미루지 않게 되는 점이 제일 좋았어요."
"179","안리나","강북","N수생","선생님께서 질문도 받아주시고 마주칠 때마다 좋은 말씀 많이 해주시고 밥 먹을 때마다 맛있게 먹으라고 따뜻하게 말해주시고 등원, 하원 할 때마다 따뜻하게 인사로 맞이해주셔서 힘든 수험생활에 큰 힘이 되었던 것 같았어요."
"180","이승민","서울송파","반수생","건강 관리 등에서도 많은 도움을 받을 수 있었어요."
"181","이주연","서울송파","N수생","지각 관리 시스템도 체계적으로 운영되어 스스로 생활 습관을 잡는 데 큰 도움이 되었고, 전반적으로 학습 분위기가 잘 형성되어 있어 꾸준히 집중할 수 있었어요."
"182","최지수","은평서대문","N수생","공부 계획 짜는 법을 자세히 알려주시고, 매주 검사했어요."
"183","정민지","서울송파","N수생","매주 선생님과 학습 상담을 하며 슬럼프가 오거나 학습 방향을 잡기 어려울 때 도움을 받을 수 있어 좋았어요."
"184","국수진","서울송파","N수생","대학생 코칭선생님과 일주일에 한 번씩 만나서 현재 진도를 체크하고, 다음 상담까지의 진도 등을 자세히 얘기나눴어요."
"185","이예나","서울도봉","N수생","꾸준하게 플래너를 작성하여 늘어질 것 같을 때도 구체적인 계획을 보고 실행할 수 있었고 사실 영어단어 시험이 가장 유용했다고 생각하는데 강제성을 부여하여 단어를 외워야 했기 때문에 자의적으로 뛰어넘거나 하지 않도록 유도하여 좋았던 것 같습니다 간혹 시끄럽게 하는 학생들이 있었는데 단호히 제재해주시는 점이 만족스러웠고 제가 졸릴 땐 선생님들께서 깨워주셔서 스탠딩 책상에서 공부하게 해주시는 등 정신 차리고 학습에 집중할 수 있어 유용했어요."
"186","홍영주","강북","N수생","강압적이고 딱딱한 분위기가 아니라 다같이 힘내서 공부하는 따뜻한 분위기여서 훨씬 공부에 집중할 수 있었고, 스트레스 관리도 용이했어요."
"187","이송연","인천송도","재학생(고3)","출결관리로 지각하지 않는 습관을 만들어주는것도 좋았어요."
"188","추장혁","구리남양주","반수생","이투스 학원에서 제공하는 멘토링 시스템이 좋았어요."
"189","김태현","하남","N수생","면학 분위기 및 관리 감독은 학습에 집중할 수 있는 환경을 조성하는 데 큰 도움이 되었어요."
"190","최윤서","서울광진","재학생(고3)","면학 분위기를 감독하는 것은 관리형 독서실에서 필수적인 시스템이었어요."
"191","최성준","대전둔산","N수생","학습적인 면 뿐만아니라 멘탈관리도 해주시고 고민상담도 해주시고 공부잘하는 친구같은 느낌으로 학생들이 가장 선호하는 형식의 멘토였음 학습적인 부분에서는 어디서도 듣지못한 공부법을 여럿 들었고 실제로 도움이 되었음 수강 관리를 통해 처질 수 있는 부분를 잡아주어 혼자하면 자칫 느슨해질 수 있는 것을 타이트하게 잡아주어 학습량을 채울 수 있게 도와줌요."
"192","정우석","강북","N수생","이투스247의 생활관리 시스템은 등·하원 시간과 학습 태도를 체계적으로 관리해 규칙적인 생활 습관을 형성하는 데 도움을 준었어요."
"193","김은채","서울강서","반수생","고3때 까지 쳐다도 보지 못한 곳을 이렇게 오게 될 수 있었던건 이투스 강서지점 선생님들의 탁월한 입시전략과 상담, 생활환경 조성 덕분이었어요."
"194","김민정","서울성북","재학생(고3)","전체적으로 생활 상담을 통해 공부 외적인 부분까지 체계적으로 관리할 수 있게 되었고, 그 덕분에 장기적으로 흔들리지 않고 공부를 이어갈 수 있는 힘을 얻었다고 느꼈습니었어요."
"195","김세연","서울강동","재학생(고3)","집중도 가장 잘 되었고 환경도 너무 쾌적해서 저는 인생에서 이투스에 있을 때 공부를 제일 효율적으로, 또 많이 했어요."
"196","김준희","안성기숙","N수생","그럴때마다 생활관리 선생님들께서 하루도 빠지지 않고 하루종일 관리해 주셔서 다시 정신을 차리고 공부할 수 있었습니다 영단어는 다른 과목 공부를 하다보면 소홀히 하기 쉽지만 가장 중요한 부분인데 학원에서 매일 아침 영단어 테스트를 진행해줘서 이후에 수능이 가까워졌을때 영단어 암기에 따로 시간을 쏟지 않아도 되어서 좋았습니다 선생님 기숙학원에 있는동안 정말 온갖 부족한 모습은 다 보였는데도 불구하고 끝까지 제가 포기하지 않도록 계속 다잡아 주시고 이끌어 주셔서 감사했어요."
"197","김서영","일산동구","N수생","담임선생님과 성적 고민을 부담없이 나눌 수 있어 좋았고 멘토 선생님과 얘기를 하며 학습 향상에 도움이 되었어요."
"198","신윤제","서울송파","N수생","외로운 수험생활에서 일상의 대화가 되어주시기도 하며 더욱 공부에 집중할 수 있도록 최선을 다해주셔서 생활에 도움이 많이 되었어요."
"199","임동혁","광주수완","재학생(고3)","휴대폰이 공부하는데에 가장 방해되는 요인인데 입실할때 휴대폰 내고 나갈때 받을 수 있도록 철저하게 관리해주시니 정말 오직 공부에만 집중할 수 있었어요."
"200","김영은","울산남구","N수생","주마다 불러내시어, 과목별로 지금 어떤 공부들을 하고 있는지 점검을 해주셔서 일단 플래너와 주 학습 계획을 더 잘 세울 수 있게 되었어요."
"201","김민서","광명","N수생","​​​​​​​​​​​​​​​​ 독학 학원 특성상 인터넷 강의가 밀리기 쉬운 환경임에도 불구하고, 수강 현황을 꼼꼼히 관리해 주신 덕분에 체계적인 계획 아래 공부를 이어나갈 수 있어 정말 좋았어요."
"202","정유진","안성기숙","재학생(고3)","매 달 모의고사가 끝날 때마다 담임 선생님이 그 달에 쳤던 성적으로 어느 정도의 대학을 갈 수 있는지, 그리고 특정 과목의 몇 문제를 더 맞았을 때 대학 라인이 얼마나 바뀌는지 자세히 알려주셔서 도움이 됐습니다 담임 선생님께서 보셨을 때 학습 시간이 부족해 보이는 과목을 짚어주시고, 어떤 방향으로 학습해 나가야할지 조언해주셔서 도움이 됐습니다 수능이 많이 다가왔을 때는 플래너 검사도 매일매일 해주셔서 방향을 잃지 않고 끝까지 완주했던 기억이 납니다 급식을 먹고 나면 카페인 음료를 마셔도 식곤증으로 인해 졸음이 달아나지 않아 정신이 안 차려질 때가 있었는데 그 때마다 감독하시는 선생님이 깨워주셔서 정신차리고 공부를 이어갈 수 있어서 좋았습니다 수능 영어가 절대평가이기 때문에 정시파이터들이 영어를 소홀히 하기가 쉬운데 매일 아침마다 학원에서 영어 단어 테스트를 보았기 때문에 영어를 그나마 놓지 않고 공부할 수 있었기에 좋았습니다 학원에 다니던 당시에는 제가 신경써야할 공부들이 너무 많고 떨어진 체력 때문에 선생님들께 감사인사도 제대로 못한 것 같습니다 뒤늦은 감사인사이지만 진심으로 감사했어요."
"203","장승민","인천부평","N수생","구체적 시간 관리 등 수능 시험에 대한 실전같은 연습이 실제 수능 시험에서 많은 도움이 되었어요."
"204","김동연","서울광진","반수생","혼자서 반수를 하게 되면 안 그래도 고3 때의 시절과 달리 대학을 다니다 수능을 다시 치르는 거라 그 수험생 때의 생활패턴으로 돌아가기가 힘들텐데 이 독학재수학원에 다니면서 생활패턴을 어느정도 관리할 수 있던 점이 상당히 좋았던 거 같았어요."
"205","안수진","목동오목교","N수생","어려운 문제를 질문하몀 천천히 잘 설명해주셔서 이해가 잘 됐어요 혼자서는 꾸준히 규칙적으로 계속 공부하는걸 이어나가는게 힘든데 학습 관리 시스템 덕분에 도움을 많이 받았습니다 세세한 부분까지 관리받을 수 있어서 딴생각 안하고 공부만 잘 할수 있었던거같아요 선생님이 직접 돌아다니면서 관리해주셔서 좋았어요 무작정 깨우지도 않고 너무 힘들 때는 어느정도 잘수 있게도 해주셔서 감사햇습니다 자주 돌아다니면서 면학 분위기 관리를 해주셔서 분위기 안좋았던 적이 거의 없었던거같아요 방해 안돼서 좋았습미다 이투스 구독을 무료로 할 수 있어서 구독 갱신 같은 거 신경 안쓰고 학습 효율을 크게 높일수있었어요."
"206","오다인","천안","N수생","한 달에 한 번씩 상담을 하며 어느정도까지 진도가 나갔는지, 성장했는지 확인 받으며 문제집과 강의를 추천 받았는데 그 점이 가장 유용했고 또 성적향상에 큰 도움이 되었어요."
"207","임지환","원주","N수생","이투스 247 원주에서는 한 명 한 명 타이트한 플래너 검사와 생활지도로 학생을 관리하시는 모든 선생님이 학생 한 명 한 명 공부를 어떻게 하는지 언제 학원 외출을 하는지에 대해 알고 계십니었어요."
"208","손건","부산해운대","N수생","모의고사 성적관리도 꼼꼼히 해주며 부족한 부분들을 보완해주시려고 노력해주었어요."
"209","김지원","부산해운대","N수생","관리 선생님께서 학생들이 많이 졸려하는 시간에 항상 자습관에 들어오셔서 학생들을 깨우셨고, 공부에 방해되는 행동을 하는 학생들에겐 경고를 하며 좋은 학습 분위기를 만들어 주셨습니었어요."
"210","손재웅","부산해운대","N수생","재수학원의 생활 관리 시스템은 규칙적인 생활 습관을 형성하는 데 큰 도움이 되었어요."
"211","도예원","서울송파","N수생","많은 수의 학생을 관리하기에 전자출결이 편했다고 생각했어요."
"212","장수연","원주","재학생(고3)","주단위로 하루에 무엇을 얼만큼 공부할지 계획을 같이 세우고 피드백해주셔서 고르게 공부할 수 있었어요."
"213","정지우","이천기숙","재학생(고3)","이투스에서 여름방학 한달 간 지내는 동안 항상 질문하면 친절하게 대답해주시고 요청사항을 말하면 잘 들어주시고 공부에 집중할 수 있는 환경을 만들어 주셔서 감사했습니다^^요."
"214","조민준","김포","재학생(고3)","내원생이름도 외우시고 안부도 여쭤봐주시고 아침 일찍 출근하시고 상담도 해주시고 수험생들 공부 환경 만들어 주시려 애썼던것들 모두 감사했어요."
"215","김서인","수원정자","재학생(고3)","체계적인 관리와 학습 환경 덕분에 공부에 집중할 수 있었고, 수험 생활을 끝까지 버틸 수 있었어요."
"216","정민서","부산서면","N수생","학습 상담을 하면서 담임선생님께서 제게 하셨던 말씀들도 아직까지 기억에 남아 있어요."
"217","최재희","서울강동","N수생","수능이 얼마 안 남은 시점 긴장감과 부담감이 많았는데 선생님과의 상담을 통해 긴장이 많이 풀리고 자신감이 생겼습니다ㅏ 또한 학습 방법에 대한 자세한 조언들을 많이 해주셔서 공부 방향을 잡는 데에 많은 도움이 되었습니다 과목에서 어떤 부분을 더 신경써야할지, 어느 부분은 어떻게 공부해야 좋을지에 대해 세세하게 짚어주셔서 학습하는데에 더 수월하고 빠른 방법으로 공부할 수 있어서 그 점이 가장 유용했습니다 혼자 공부할 때 가장 방해되는 요소가 핸드폰인데 강제로라도 폰을 사용할 수 없으니 공부에 더 효율적이고 장기적으로 집중할 수 있었던 것 같았어요."
"218","신은대","광주수완","N수생","수능에서 현역 때의 수능 보다 좋은 결과를 얻은 것 같아 이투스의 생활 관리 시스템이 유용했다고 생각했어요."
"219","이나영","파주","재학생(고3)","확실이 휴대폰이 없으니 공부에 집중이 더 잘 되고 성취감도 있어서 생활 관리에 유용했어요."
"220","신현준","일산화정","반수생","당시에 고등학교 자퇴후에 제대로 된 확실한 목표없이 그저 사는대로 살아가면서 생활패턴이 완전히 무너져 아침 늦게 일어나고 새벽 넘어서 잠드는 삶을 살다가 이투스 247에 다니게 되면서 아침 일찍 일어나고 비교적 일찍 잠에 들며, 일정한 시간에 식사를 하는등 생활패턴이 7개월동안 일정하게 유지되면서 건강이 좋아진것은 물론이고 스스로도 지금 잘 살아가고 있다는 뿌듯함을 느끼게 되었음 당시에 했던 쉬운 난이도의 검정고시 공부를 제외하면 중학교때 이후로 공부를 한적이 없어서 혼자 시작해볼려고 해도 어디부터,뭐부터 시작해야 하는지를 몰라 공부가 막막하게 느껴져서 공부를 더더욱 안하게 되는 상황이였으며 수능공부는 더욱 멀게만 느껴졌는데 이투스247에서 선생님들이 내 수준에 맞는 인강,교재등을 추천해주었고 실제로도 잘 맞았으며 자신에게 맞지 않다면 즉각적으로 인강,교제등을 변경하여서 해결하던 점이 유용했다 이투스 247학원에 처음 들어갔을때 생활패턴이 완전히 무너진 상태였었기에 아침에 공부할때는 졸면서 1~2시간을 낭비하는게 흔한일이였어요."
"221","정가온","서울광진","재학생(고3)","해당 생활 관리 시스템을 통해 이를 완전히 차단함으로써 이러한 문제점들을 해결할 수 있었어요."
"222","김가은","목동","재학생(고3)","체계적으로 조성된 면학 분위기 덕분에 집중할 수 있는 환경이 만들어져 학습 효율이 크게 향상되었어요."
"223","서지윤","광주북구","N수생","매주 작성한 플래너를 확인하는 시간을 가졌는데, 이 시간이 저에겐 유용했어요."
"224","정혜원","이천기숙","반수생","수시원서를 쓰기전에 한명씩 친절하게 상담을 해주셨어요."
"225","남다솔","서울송파","N수생","매주 상담을 진행하여 공부상황을 체크해주시고 시험을 보고 정신적으로 흔들릴때마다 멘탈을 잡아주시고 초반 학습방법에 대한 상담에서도 얻을 것이 많았어요."
"226","허채원","서울송파","N수생","이투스 독학재수학원의 생활상담시스템은 학습뿐 아니라 생활 전반을 관리해준다는 점에서 매우 유용했어요."
"227","손예림","인천청라","N수생","시간표가 정해진 독학재수 특성상 타인과 대화할 일도 별로 없고 입시에 대한 불안함이 불쑥 찾아올 때가 많았는데, 그럴 때마다 주기적으로 해주셨던 생활 상담이 큰 힘이 되었어요."
"228","정하원","서울강서","반수생","반수를 결심한 시기가 늦어 불안함도 크고 집중도 안되는 날이 많았었는데 지속적으로 선생님들께서 학원생활도 체크해주시고 스몰토크도 하면서 긴장도 풀리고 해낼수있다는 자신감도 조금씩 생겼던것같습니다 특히 수학 부분에서 원장선생님께서 지금 제 수준과 시기에 풀어야하는 교재들과 괜찮은 사설 모의고사들을 추천해주신게 도움이 많이 되었어요."
"229","홍윤조","노량진","반수생","학원의 면학 분위기 조성을 위하여 매 공부시간마다 선생님들께서 돌아다니시면서 자는 사람들을 깨우고 공부에 집중 할 수 있도록 하셨습니었어요."
"230","김규빈","서울송파","N수생","면학 분위기에 대한 관리도 세심하게 해주셔서 집중해서 공부할 수 있었어요."
"231","이민주","서울송파","N수생","공부를 제대로 계획 세워 해본 적이 없어서 시작도 못할 뻔 했는데, 선생님과 상담하면서 현재 내 위치를 인지하고 시작할 수 있었어요."
"232","고연서","서울강동","N수생","모의고사 본 후 원장쌤과 상담도 하면서 저의 부족한 부분을 채울 수 있어서 좋았습니다 1년 동안 공부는 어려웠지만 선생님들의 도움 덕분에 수리 논술로 합격 되었어요."
"233","이창빈","수원정자","재학생(고3)","영어 공부를 가장 싫어하기도 하고 가장 안해서 성적이 매우 좋지 않았는데 매일 매일 단어를 외우고 테스트까지 보다 보니까 강제로라도 영어 공부를 조금이나마 하게 되었던 것 같고 복습 테스트도 있어서 기억에 오래 남았던 것 같습니다 친절하게 대해주시고 상담도 열심히 해주시고 이런저런 일도 많아서 대학 입시라는게 정말 힘들다고 느꼈지만 선생님들이 도와주셔서 도움이 되는게 많았던 것 같았어요."
"234","성예나","마포","N수생","이와 같은 생활 관리 시스템이 이루어짐으로써 공부에 조금 더 집중 할 수 있는 환경이 만들어져서 좋았어요."
"235","박수빈","서울도봉","N수생","주도적으로 학습 계획을 세울 수 있다는 점이 좋아서 독학 재수 학원을 등록하였는데, 계획을 세우는 과정에서 확신을 가지고 선택을 하지 못하고 있을 때 담당 선생님께서 방향성을 잡는데에 도움을 많이 주셨었어요."
"236","서하영","강북","N수생","시간표에 따라 생활을 하면서 생활습관과 공부습관을 함께 잡을 수 있어서 좋았던 것 같았어요."
"237","안종혁","강북","N수생","저는 학습계획을 세우는 것에 있어서 어려움을 느꼈는데 학습 관리 시스템 덕분에 계획 짜는 법에 도움을 많이 받았어요."
"238","이가현","수원시청","N수생","휴대폰 수거를 통한 집중력 관리와, 스탠딩 책상을 활용한 졸음 관리까지 전반적인 생활 관리 시스템이 잘 갖춰져 있어서 공부에만 몰입할 수 있는 환경이 만들어졌다는 점이 매우 만족스러웠어요."
"239","최현재","노량진","N수생","혼자서 스터디카페에서 공부하다보면 핸드폰을 하거나 잠을 자거나 등 공부 외 다른 행동을 하기 매우 쉽고, 다른 이용자들의 소음을 바로바로 교정하기 어려워서 집중이 안되는 편인데, 이투스 247학원에서는 핸드폰도 관리를 하고, 수면도 관리를 할 뿐 아니라 다른 이용자들의 소음도 즉각적으로 피드백이 가능한 구조라 면학 분위기가 매우 좋았어요."
"240","이수정","안성기숙","N수생","1:1 상담을 통해 단계별로 해야 할 공부에 대한 방향성을 효율적으로 잡고 공부할 수 있었던 것 같았어요."
"241","박민강","원주","재학생(고3)","이투스 학습관리는 진짜 체계적이라 놀라웠었어요."
"242","이희연","춘천","재학생(고3)","공부에 집중할 수 있는 환경을 만드는 데 큰 도움이 되었어요."
"243","여태인","수원시청","N수생","6월말에 뒤늦게 수험생활을 시작해서 막막 했었는데, 이투스 247 수원시청점과 함께 해서 막막함이 많이 사라졌었어요."
"244","정하람","의정부","반수생","일반 스터디카페에서는 시간낭비만 했을 것 같은데 덕분에 유의미한 차이를 느꼈습니다 매일 영단어를 본다는 일 자체가 굉장히 귀찮은 일인데, 학원에서 관리해준 덕에 점차 루틴으로 자리잡을 수 있지 않았나 생각했어요."
"245","곽배진","파주","N수생","저는 사회탐구를 이지영 선생님의 커리를 들었기 때문에 이투스 패스를 잘 활용했던 것 같습니다 항상 친절하게 관리해 주시고 상담도 해주시고 수업도 해주셔서 감사했어요."
"246","노영재","인천부평","N수생","약 6개월간 기초부터 심화까지 학습에 도움을 주시고 또 학습적인 측면 뿐만 아니라, 생활적인 부분에서도 많은 케어를 해주셔서 정말 감사드렸어요."
"247","이하언","일산화정","재학생(고3)","출결 관리와 시간 관리가 철저해 자연스럽게 공부에 집중할 수 있었고, 전반적인 생활 습관을 바로잡는 데 도움이 되었어요."
"248","곽찬이","파주","N수생","인강을 들으면서도 복습법이나 예습법 같은 상세한 공부 방법까지 피드백을 받을 수는 없었기 때문에 그 빈자리를 대신해주는 학습 관리 시스템의 역할이 저에게는 큰 도움이 되었어요."
"249","이소민","울산남구","재학생(고3)","주변 모두가 학습에 집중하는 환경이라 흐트러지기 어려웠고, 감독이 있어 긴장감과 책임감도 생겨 스스로를 더 잘 통제할 수 있었어요."
"250","손영아","이천기숙","재학생(고3)","제가 계획을 세우면 선생님께서 보고 피드백을 주셨기 때문에 더 효율적이고 도움이 되는 공부계획을 세우고 실천할 수 있었어요."
"251","최윤성","분당정자","N수생","재원기간동안 매주 상담을 해주신 담임 선생님, 아침마다 인사해주시던 선생님들, 졸 때마다 깨워주신 선생님 감사했어요."
"252","이승은","목포","N수생","주기적인 학습 상담을 통해 주어진 시간동안 적어도 이정도 이상은 학습해야겠다는 기준이 생겼고 그에 맞추어 스스로 계획을 세워 차분하게 공부할 수 있었어요."
"253","황혜선","안성기숙","N수생","덕분에 공부 루틴을 체계적으로 관리할 수 있었고 그 과정에서 저에게 맞는 추천 공부 루틴도 제안해 주셔서 비효율적인 부분을 줄이고 보다 꾸준하고 안정적으로 학습을 이어가는 데 큰 도움이 되었어요."
"254","이정운","서울강서","N수생","끝을 내기 위해 몇일까지 어느정도를 들어놔야 한다는 것을 알려주는게 시간관리 측면에서요."
"255","이준희","일산동구","N수생","단어 시험 테스트 제도를 통해 시험지도 주시고 관리를 해줘서 영어 단어를 챙길 수 있었어요."
"256","함지호","노량진","N수생","그렇기에 학생 스스로가 목표를 계획하고, 스스로를 통제하는 것이 재수에서 가장 중요한 요소이었어요."
"257","구용하","인천청라","반수생","학습 계획 플래너는 하루 공부를 체계적으로 관리하는 데 큰 도움이 되었어요."
"258","박준영","김포","N수생","학원 생활 중 가장 만족스러웠던 부분은 체계적인 학습 관리 시스템이었어요."
"259","박주현","인천청라","N수생","모르는 문제가 생겼을때 거의 항상 조교선생님이 학원에 계셔서 질문하기 수월했고 현재 모의고사 성적과 내 목표대학에 맞춰서 계획을 체크해주시고 그에 따른 피드백을 알려주셔서 유용했어요."
"260","고민정","울산남구","N수생","마지막으로 끝까지 달리기 위해 가장 중요한 생활 패턴을 잡는데 선생님의 지도와 학원 시스템이 큰 길잡이가 되었어요."
"261","표신형","광주남구","N수생","기계로 하기 때문에 실수가 적어 체계적이여서 너무너무 좋았어요."
"262","조아라","광주동구","N수생","딴 짓을 안 하게 됨 다들 열심히 하는 학습 분위기 속에서요."
"263","임진영","광주수완","재학생(고3)","면학 분위기를 잘 관리해 주셔서 자연스럽게 집중할 수 있는 환경이 만들어진 점이 좋았어요."
"264","임지찬","강남","N수생","이투스 시스템이 담임선생님이 부여되고 담임선생님과 상담으로 하는식으로 이루어지는데 담임선생님과 많은 이야기를 할수있었고 수학 국어 선생님들이 있어서 질문을 할수있다는점에서 좋았습니다 매 모의고사나 이투스내에서 치는 고사같은 경우 시험을 보고난뒤 담임선생님과의 성적 상담이 들어갔는데 점수대와 틀린유형을 보고 어떤 부분에서 더 열심히 해야 하는지 알려주었고 그 피드백을 수용하여 공부하는데에 도움이 되었던거같습니다 사실 성실한 사람이여도 피곤한날이있고 힘든날이있는데 그럴때에 공부를 놔버리면 공부의 증진이 어려운데 조는거같으먼 1분도 안되어 데스크 선생님께서 깨워주셔서 졸음퇴치에 도움이되었습니다 많은 사설모의고사가 있지만 이투스 모의고사는 다른사설모고보단 퀄이 뛰어나단 생각이 들었슺니다 평가원이랑 가장 비슷한게 진짜 모의고사를 본다는 느낌이 들어좋았고 몇달에 한번이 아니라 한달에 한번 이투스 모의고사가 있어서 자주 자신의 실력을 알수있게되어 도움이되었습니다 감사했습니다 덕분에 좋은 대학생활 즐기고있어요 힘든일도이ㅛ았고 좋은일도 있었으나 결국 이겨내어 대학에 오게되었네요 이투스 관리감독 하시느라 힘드셨을텐데 앞으로도 힘내시길바랐어요."
"265","문고은","광주동구","N수생","그동안 자기 객관화가 부족해 점수 향상이 어려웠지만, 담임선생님과의 상담을 통해 부족한 부분을 보완할 수 있었고, 그 결과 점수 상승으로 이어질 수 있었어요."
"266","신준","광주동구","N수생","연락도 잘 받을 수 없어 오로지 공부에만 집중할 수 있었어요."
"267","서진영","목포","N수생","꼭 n수를 안하더라도 고등학생이 다니기도 좋을 것 같습니다 전 잠도 많고 집중력도 안좋아서 다 잡아주시는게 좋았어요."
"268","백선우","광주수완","재학생(고3)","공부를 하다보면 막막할때가 잦은데, 입시를 성공하신 선생님들의 학습상담이 있어서 슬럼프나 막막할때 잘 넘어갈수 있었고, 때로는 엄격하지만 때로는 진중하고 재밌게 지친 수험생활을 위로해주신점이 유용했어요."
"269","이수훈","이천기숙","반수생","담임선생님의 철저한 학습관리와 멘토링 덕분에 반수에 성공해서 더 좋은 대학에 다닐 수 있게 되었어요."
"270","이경민","서울성북","N수생","마지막으로, 생활상담을 포함한 코칭 시스템은 공부 외적인 부분까지 함께 관리해 준다는 점에서 의미가 있었어요."
"271","서보경","원주","N수생","다른 어플들을 들어갈 수 있었으면 인강을 듣거나 공부를 할 때 유튜브 등을 보고 싶은 마음을 제어하기가 힘들었을 텐데 강제적으로 그런 것들을 막아주니까 공부에만 집중을 할 수 있었어요."
"272","서담휘","서울강서","재학생(고3)","좋은 학습 환경에서 공부하고 플래너를 작성하는 습관 또한 기를 수 있었어요."
"273","조강우","수원시청","반수생","덕분에 공부에 집중할 수 잇는 환경이 나에게 큰 도움이 되었어요."
"274","권순표","수원정자","N수생","제 담임인 배은진 쌤이 진짜 좋았습니다 4주 마다 혹은 3주 마다 담임 선생님과 1 대 1 상담을 받으면서 현재 나의 공부 상태를 정검하고 앞으로의 계획등을 정 할 수 있고 상담을 주기적으로 받음 으로써 헤이해짐이 덜해지는 장점이 있습니다 핸드폰을 걷는 것도 몰론 중요하지만 그런 것 보다도 유투브를 상요하지 못 하는 것이 중요 했어요."
"275","이동윤","강남","N수생","고민 상담, 멘탈 관리, 공부 팁 등도 자주 알려주셔서 너무 유용하게 잘 이용했어요."
"276","강성현","강북","N수생","이투스247의 코칭 시스템을 통해 저의 수준에 딱 맞는 공부 방법과 체계적인 학습 루틴을 잡을 수 있었어요."
"277","이혜원","파주","재학생(고3)","학생 한명한명을 관리하는게 쉽지 않은 일인데 끝까지 함께 응원해주시고 여러모로 도와주셔서 너무 감사했어요."
"278","조수운","강북","재학생(고3)","강지희 선생님 외 영어 국어 선생님 지난 1년동안 여러 공부 방법과 계획의 방향을 알려주셔서 감사했어요."
"279","김서영","독학기숙","N수생","전반적인 성적, 부족한 과목과 파트를 자세히 파악해주시고 이를 토대로 구체적인 학습 방향을 제시해주셔서 학습계획 수립에 큰 도움이 되었어요."
"280","김주연","안산","재학생(고3)","핸드폰을 가지고 있으면 확실히 집중이 분산되고 중간에 딴짓을 할 가능성이 높아지는데, 기본적으로 항상 스마트폰을 수거하여 공부가 지치더라도 스마트폰을 붙들지 않을 수 있어서 좋았습니다 단어를 외우는 계획을 잘 지키지 못하는 성격이어서, 매일매일 의무적으로 단어가 배부되고 저녁에 쓰는 것이 규칙적 생활에 도움이 되었고, 영어 실력을 높이는 방법이 된 것 같았어요."
"281","김민서","이천기숙","N수생","그동안 공부해온 산물들을 들고 담임 선생님과 이후에 어떻게 공부해내가면 좋을지를 얘기하였었는데 수시라면 수시전략대로 정시라면 정시대로 구체적 성적 향상에 도움 될만한 이야기를 해주셔서 그 학습상담이 목표 대학에 합격하는 것에 대해 큰 도움이 되었던 것 같았어요."
"282","남영선","수원정자","N수생","취약 유형을 담임선생님과 상담하면서 집중적으로 끌어올릴 수 있었어요."
"283","최유재","이천기숙","재학생(고3)","기숙 사감 선생님들도 생활관리 선생님들도 과목 담당 선생님,논술 선생님, 그리고 저희 담당선생님 모두 최적의 공부환경과 효율적인 학습을 위해 최선을 다해주셨어요."
"284","최나린","서울도봉","N수생","휴대폰을 수거하는 시스템 덕분에 불필요한 사용을 자연스럽게 줄일 수 있었고, 공부에 더 집중할 수 있는 환경이 만들어졌습니었어요."
"285","김채현","의정부","재학생(고3)","타이트한 분위기 속에서 집중력을 극대화하고 싶은 학생들에게 최적의 환경이라고 생각했어요."
"286","김종훈","광주수완","N수생","성적으로 인해 일희일비하면 안되지만 그렇다고 성적을 아예 무시할 수도 없기때문에 시스템으로 인해 적절한 관리가 되었다 감독관이 주기적으로 공부를 잘 하고 있는지 확인하기 때문에 집중을 잘 할 수 있었어요."
"287","박찬호","수원정자","반수생","평소에 학습을 하면서 학습 방법이 과연 옳은 방법일지 많은 고민을 하였는데 같은 경험을 하신 멘토 선생님들이 좋은 방법으로 설명해 주셔서 학습 방법을 설정하는데 많은 도움을 받었어요."
"288","이시아","안산","N수생","실전 모의고사를 통해서 계속 제 위치를 점검하고 실제 시험과 같은 분위기에서 연습할 수 있어서 좋았어요."
"289","박민준","안성기숙","반수생","졸음 관리 시스템을 통해 규칙적인 생활 습관을 유지하고, 졸릴 때 적절한 환기나 스트레칭, 관리 지도를 받아 집중력을 빠르게 회복할 수 있었어요."
"290","김준서","파주","재학생(고3)","규칙적인 생활 관리와 집중할 수 있는 환경 덕분에 공부 효율이 높아졌고, 자기 통제력과 책임감도 자연스럽게 길러졌습니었어요."
"291","김예소","천안","재학생(고3)","생활 관리 시스템은 규칙적인 생활 습관을 유지하는 데 큰 도움이 되었어요."
"292","하은준","인천송도","N수생","이투스 247에서 제공하는 플래너 관리는 제가 학원에 있는 동안 시간관리를 하는 데 있어서 큰 도움이 되었는데, 제가 어느 과목을 얼만큼 공부하는지를 실질적으로 보여주었고 이를 반영해서 어느 과목에 시간을 투자해야 할 지를 알 수 있게 해주었어요."
"293","이가원","마포","재학생(고3)","준 플래너는 주간 플래너라 일주일에 얼마나요."
"294","신정빈","인천부평","N수생","이전년도들의 입시결과의 데이터를 토대로 내게 맞는 대학들에 대한 정보와 어떤 방향으로 공부해야 좋은지 자세히 지도해주셨고, 내 상황을 고려해 내게 가장 잘맞는 대학을 추천해주셔서 좋았던것 같아요 학습 관리 시스템을 통해 내가 계획한 목표에 따르는 오늘의 학습량을 정하고 오늘 공부한 진도에 맞춰 나의 계획을 다시 확인하고 조정할 수 있었고, 내 학습량을 더 명확한 지표로 파악할 수 있어 훨씬 더 체계적으로 공부할 수 있었습니다 체력이 좋지 않아 공부하다 보면 졸거나 집중하지 못할 때가 있었는데, 졸고 있을 때마다 조용히 오셔서 깨워주셔서 민망하지 않게 다시 정신차리고 공부할 수 있었고, 학생들 한명 한명에게 관심가지고 신경써주시는 것을 느낄 수 있었습니다 매일 단어시험 혹은 영어듣기 평가를 실시해서 영단어나 듣기평가처럼 사소해서 넘어갈 수 있지만 중요한 부분들을 잊지않고 복습할 수 있었고, 모의고사를 통해 내가 공부한것들을 확인하고 재정비하는 시간을 가질 수 있었습니다 한 해동안 신경써주셔서 감사했습니다 건강문제로 잘 나오지 못할 때도 많았고 졸때도 많았는데 그럼에도 믿고 응원해주셔서 감사했어요."
"295","천정민","마포","재학생(고3)","플래너 작성법을 배우고 같이 공부계획을 짜며 체계적으로 공부하다보니 성적이 상승할 수 있었던 것 같고 유용했어요."
"296","장혁준","원주","N수생","이투스247의 졸음지도 및 관리는 집중력을 유지하여 공부하는 순공부시간 확보에 큰 도움이 되었어요."
"297","안세로","부산해운대","N수생","담임선생님께 입시상담을 하고, 과목별 담당 선생님들께 코칭을 받은 덕에 성적을 빨리 향상시킬 수 있었어요."
"298","이연서","안산","반수생","스스로 공부하는 데 막막함과 불안을 느꼈지만, 이투스의 통제된 환경과 학습에 집중할 수 있는 여건이 큰 도움이 되었어요."
"299","김민솔","강북","재학생(고3)","시험지를 보고 상담이 잘 이루어졌으며 모르거나 헷갈리는 문제만 골라내어 그 유형에 집즁할 수 있도록 플래너를 짜주시고 관련 문제들을 뽑아주셔서 성적향상에 도움되었어요."
"300","정도윤","부산교대","N수생","규칙적인 생활 습관을 형성하게 되어 체력과 집중력이 향상되었고, 불안한 마음을 안정시키는 데 큰 도움이 되었어요."
"301","한수민","광주동구","재학생(고3)","전체적으로 스스로 공부하기 어려운 학생들에게 체계적인 관리와 즉각적인 피드백을 제공해준다는 점에서 만족도가 높은 학원이었어요."
"302","나예리","하남","N수생","학습계획 및 플래너 관리 시스템은 하루와 주간 단위로 목표를 구체적으로 설정하고 점검할 수 있어 학습 방향을 명확하게 잡는 데 도움이 되었어요."
"303","고은별","일산서구","N수생","한 해동안 공부, 생활 관리를 넘어서 정말 많은 부분에서 도움을 받은 것 같아서 애틋한 마음이 드네요."
"304","한예영","이천기숙","N수생","스마트폰은 통제하기 어렵고 가장 큰 방해가 되는 요인인데 아예 휴대폰을 제출하였기에 집중도에 큰 도움을 받았어요."
"305","장서윤","독학기숙","N수생","기숙 학원에서 생활 하다 보면 체력적으로도 정신적으로도 흔들리는 경우가 많은데 그럴 때 마다 안정적으로 잡아주시고 도움을 주셔서 포기하지 않고 재수 생활을 마무리 할 수 있었습니다 매일 같은 환경에 있다보면 나도 모르게 멍을 때리거나 시간을 흘려 보낼 수 있는데, 플래너 관리가 있어 의식적으로 시간을 효율적으로 사용할 수 있었어요."
"306","박시후","수원정자","반수생","매일 학습 환경을 관리해주시고 학습에 대한 상담을 진행해주신 덕분에 수능에 온전히 집중할 수 있었어요."
"307","안수연","안성기숙","N수생","하루 일정이 체계적으로 정해져 있어 자연스럽게 규칙적인 생활을 할 수 있었습니다 특히 모든 학습 과정과 생활을 선생님들께서 꼼꼼하게 관리해 주셔서 집중력이 흐트러지거나 나태해질 때마다 다시 마음을 다잡을 수 있었습니다 혼자였다면 유지하기 어려웠을 긴장감과 학습 분위기를 끝까지 이어갈 수 있었던 점이 가장 큰 도움이 되었습니다 질문예약 시스템을 통해 국어, 수학, 영어 모든 과목의 궁금한 점을 학원 내에서 바로 해결할 수 있어 매우 편리했습니다 덕분에 모르는 부분을 미루지 않고 즉시 이해하고 넘어갈 수 있어 학습 효율이 크게 높아졌습니다 당시에는 공부에 방해되는 여러 어플을 차단해 놓은 것이 답답하게 느껴지기도 했습니다 하지만 지나고 보니 그 덕분에 불필요한 유혹을 줄이고 공부에 더욱 집중할 수 있었던 것 같습니다 오히려 스스로 휴대폰을 통제하기 어려운 제가 공부에 집중하는데에 큰 도움이 되었고, 학습 습관을 바로잡는 데에도 긍정적인 영향을 주었습니다 이투스 구독을 통해 정승제 선생님, 이지영 선생님 등 유명 강사들의 다양한 인강을 추가 비용 없이 수강할 수 있어 큰 도움이 되었습니다 수준 높은 강의를 활용해 부족한 부분을 보완하고, 효율적으로 공부하며 성적을 꾸준히 향상시킬 수 있었습니다 1년동안 저를 지도해주신 모든 선생님들께 정말 감사합니다 덕분에 지금 제가 대학생이 되어 캠퍼스 생활도 하고 즐겁게 지낼 수 있다고 생각합니다 특히 멘탈관리에 많은 도움을 주신 em반 담임선생님 정은숙 선생님, 항상 맛있는 밥을 만들어주셨던 동원홈푸드 영양사님께 감사했어요."
"308","이재빈","독학기숙","N수생","저 역시 6모를 보고 생각보다 성적이 오르지 않았다고 느꼈는데, 그럴 때마다 담임 선생님과의 학습 상담이 큰 도움이 되었어요."
"309","박진강","이천기숙","N수생","상담 덕분에 학습 방향을 결정하고 동기를 부여하는 데 매우 도움이 되었고 멘탈 관리도 잘 되었어요."
"310","권현서","강북","반수생","매일 아침 밝은 모습으로 맞아주시고, 엄격하면서도 애정 어린 생활 관리로 제가 올바른 학습 습관을 형성할 수 있도록 도와주셔서 감사했어요."
"311","이은서","이천기숙","N수생","기숙학원의 규칙적이고 체계적인 생활 관리 덕에 오로지 공부에만 집중할 수 있어 좋았어요."
"312","이은서","이천기숙","N수생","플래너 쓰는 것도 어려워하던 저에게 공부 계획을 어떻게 체계적이고 효율적이게 세울 수 있는지를 알려주셨습니었어요."
"313","김다은","하남","N수생","항상 요청 사항 잘 들어주시고 공부에 집중할 수 있도록 환경 마련해주셔서 감사했어요."
"314","박영성","은평서대문","반수생","단순히 통제만 하는 것이 아니라, 전략 담임 선생님과의 정기적인 상담을 통해 멘탈 관리와 학습 방향성을 함께 잡아주어 수험 생활 내내 심리적인 안정감을 느낄 수 있었던 점이 큰 장점이었어요."
"315","이우진","김포","반수생","항상 신경써주시고 잘 챙겨주시고 공부환경에 대해서 많이 배려해주셔서 감사해요."
"316","나윤솔","광주수완","N수생","플래너 관리를 통해 규칙적인 학원 생활을 만들 수 있었고, 모의고사에서 여러 루틴을 시도해 저에게 맞는 루틴을 찾을 수 있었어요."
"317","공유민","광주남구","N수생","면학 분위기가 조용해서 공부에 집중하기 좋은 환경이었으며 선생님들께서 돌아다니면서 졸고 있는 학생을 깨운다거나 시끄러운 학생들에게 주의를 주는 등 면학분위기에 매우 신경써주셨습니었어요."
"318","정찬우","은평서대문","N수생","현역 고3때 공부할때는 계획 짜는것이 의미 없다고 생각되어서 플래너를 따로 작성하지 않았어요."
"319","조지훈","동탄","N수생","담당 과목 선생님들께서 상주하시면서 매주 학습상담과 질의응답을 받아주셔서 정말 좋았어요."
"320","김재호","하남","N수생","이로 인해서 재미있는 수험생활을 이어갈 수 있었어요."
"321","김주희","광주동구","재학생(고3)","확실히 공부하는 곳 내에서 조용하고 적절한 온도, 쾌적한 환경이 뒷받침 되니 공부 집중도가 향상됨을 느낄 수 있었어요."
"322","김세찬","하남","반수생","상담해주신 선생님들 다시 한번 감사드렸어요."
"323","임유담","인천송도","재학생(고3)","입시설명회 등 입시정보를 많이 얻을 수 있는 자리를 만들어주어서 경험과 정보를 쌓는 데에 많은 도움이 되었어요."
"324","김채원","목동","N수생","스스로 통제하기 어려운 상황에서도 외부적인 관리가 이루어지니 흐트러짐을 줄일 수 있었어요."
"325","강지현","목동","재학생(고3)","담임선생님, 원장 선생님, 사감 선생님, 멘토 선생님, 급식 담당 선생님 등의 모든 목동 이투스 247 선생님들께 그동안 격려해 주시고 제 고민과 모르는 부분 등에 대해서 친절히 상담해 주셔서 감사했어요."
"326","임성균","강남","반수생","이투스247의 체계적인 관리와 편한 질의응답 시스템에 정말 많은 도움을 받았고 덕분에 원하던 의대에 합격해 정말 재밌게 학교생활 하고있었어요."
"327","양은서","독학기숙","N수생","제가 많이 울었는데 옆에서 같이 걱정해주시고 위로해주셨던 담임선생님, 그리고 다른 반 담임선생님이지만 상담시간 쪼개서 제 학습 상담까지 봐주셨던 선생님 정말 감사했어요."
"328","이유림","안성기숙","N수생","노래도 못듣게 통제해주어서 노래 들으면서 공부하는 습관을 고치게 되었고 더욱 집중할 수 있는 상태로 만들어주어 유용하였어요."
"329","강지형","광주동구","N수생","장기적으로는 너무 다행이였습니다 여러 다양한 인강 선생님들을 알수 있었고 2주에 한번씩 상담을 하면서 최대한 인강을 안미루게 듣게되고 mbti가 p 90퍼인 저도 계획을 가지고 인강을 들을수 있게 되었어요."
"330","정예은","은평서대문","반수생","​​​​​​​​​​​​​​​​ 재수 생활을 하다 보면 점심 이후에 쏟아지는 졸음을 이기는 게 보통 일이 아닌데, 학원에서 낮잠 시간을 따로 운영해줘서 짧게 자고 나면 오후 공부 집중력이 확실히 달랐습니었어요."
"331","박시후","수원정자","재학생(고3)","매일 작성하는 플래너를 담임 선생님이 직접 점검해 주시니 계획의 실천력이 확실히 달라졌습니었어요."
"332","국형도","인천송도","N수생","연락 드렸어야 했는데 깜빡했습니다…^^;;7 원장님, 확실히 정신 못 차린 놈 사람 만들어주셔서 정말 감사했어요."
"333","정지윤","분당정자","반수생","수험생활을 하다 보면 은근히 주변 소음, 자리 분위기, 흐트러진 생활 태도 같은 사소한 요소들이 집중력에 크게 영향을 주는데, 이런 부분이 꾸준히 관리되니까 공부 흐름이 덜 끊겼었어요."
"334","박재현","부산교대","N수생","덕분에 서울에 상경해서 즐거운 대학 생활을 즐기고 있는데, 부산에 가게 될 일이 있으면 찾아뵙겠습니었어요."
"335","전재민","독학기숙","N수생","학습 관리 시스템은 학습 중 딴짓을 하지 않도록 환경을 만들어 주어 집중력을 유지하는 데 큰 도움이 되었어요."
"336","전예림","광주남구","N수생","정해진 시간표와 출결 관리 덕분에 규칙적인 생활을 할 수 있었고, 자연스럽게 공부에 집중하는 환경이 만들어졌습니었어요."
"337","김나연","분당정자","N수생","이러한 상담 시스템에 도움을 입어 논술 전략이나 성적 전략을 구체적으로 계획할 수 있어서 좋았어요."
"338","황재훈","목동","N수생","공부를 늦게 시작한 학생으로서 수능 커리큘럼과 공부법에 전혀 정보와 감이 없을때 여러해의 입시경험과 국영수 전공자 선생님들께서 주기적으로 학습계획을 세우는데 도와주었으며 지속적인 진도 체크와 성적 향상을 바탕으로 유기적이고 나에게 맞춤으로 코칭해주셨던 것이 수능을 독학으로 공부하는데 큰 도움이 되었어요."
"339","진예지","일산서구","N수생","저는 평소에 전자기기가 있으면 공부에 집중을 하지 못하는 타입인데, 이곳에서는 강제적으로 휴대폰을 사용하지 못하니 자투리 시간이나 식사 시간에 쪽잠을 자거나 산책하며 휴식을 취하는 등 건강한 생활을 하게되어 훨씬 좋았던 것 같았어요."
"340","최지안","독학기숙","N수생","선생님 본인의 수험생활에서 효과를 보셨던 방법들부터 선배님들의 방법까지 소개해주셔서 도움이 많이 됐어요."
"341","김한울","인천송도","반수생","내가 본 모의고사들을 모아서 관리해주어서 내가 전체적으로 성적이 오르는 것을 체감할 수 있었고 개별과목의 성적증감을 보며 어떤 부분을 보완할지와 선택과 집중을 잘 할 수 있게 도와주었어요."
"342","이진헌","이천기숙","N수생","자신이 어디까지 공부했고 어디가 부족한지 표시하여 그다음날 무엇을 더집중적으로 하고, 또 무엇을 보충할지 등 더 체계적으로 공부할 수 있었어요."
"343","임지환","동탄","반수생","휴대폰을 등교때 제출함으로써 집중력 분산도 안되고 온전히 공부에만 집중할수있는 환경이 만들어졌습니었어요."
"344","조경진","평택","N수생","이투스247의 학습 계획 및 플래너 상담 시스템을 통해 더 계획적이고 정교한 수험 생활을 이어갈 수 있었어요."
"345","오현서","노량진","재학생(고3)","모의고사 성적을 바탕으로 지원 가능한 대학을 설명해주셨는데 구체적으로 지금 성적에서 몇 점, 몇 문제만 더 맞으면 학교 라인을 높일 수 있다고 말씀해주셔서 더욱 동기부여를 받고 열심히 공부할 수 있는 계기가 되었던 것 같습니다 국영수탐구 뿐만 아니라 논술 전형 응시 예정이었어서 특정 학교 논술 관련해서 궁금한 점을 여쭤본 적이 있었는데 선생님께서 저에게 도움이 될 수 있는 답변을 해주셔서 실제로 논술을 준비하는 과정에서 도움이 되었던 경험이 있습니다 아무래도 스카 혹은 집에서 독학 재수를 하는 경우에는 휴대폰을 가끔은 보게 되어 온전히 집중하지 못하는 경우가 많은데 이투스에서는 등원하면서 휴대폰을 제출해서 하루종일 공부와 해야할 일에만 집중할 수 있었다는 점이 좋았습니다 타사 인강들만 사용하고 있었어서 이투스 강의를 듣지 못하는 점이 아쉬웠었는데 구독을 통해서 이투스에서만 들을 수 있는 선생님들의 강의를 필요할 때마다 수강할 수 있었다는 점이 학습적인 측면에서 매우 좋았던 것 같습니다 학교 끝나자마자 이투스에 와서 공부하는 생활이 마냥 쉽지만은 않았고 체력적, 정신적으로 힘든 순간이 많았는데 상담 실장님, 부원장님께서 항상 좋은 말씀만 해주시고 신경써주셔서 끝까지 학원 다니면서 합격이라는 결과까지 낼 수 있었던 같습니다 ㅠㅠ 요."
"346","진서연","안성기숙","N수생","면학분위기 조성으로 학원에 있는 동안에는 공부에만 집중할 수 있었어요."
"347","윤희원","부산대","반수생","계획을 짜는 과정에서 부족한 부분과 필요하지 않은 학습에 대해 인지하는 시간을 가질 수 있었어요."
"348","명소헌","노량진","N수생","주변 환경이 체계적으로 관리되면서 자연스럽게 공부에 몰입할 수 있었고 졸음 관리 시스템을 통해 흐트러질 수 있는 순간에도 다시 집중력을 끌어올릴 수 있었어요."
"349","고한슬","이천기숙","N수생","온라인으로 미리 예약한 후 질의응답하는 시스템을 통해 1분 1초가 아까운 수험생활에서 시간을 허비할 일이 없어서 좋았어요."
"350","조용주","용인수지","N수생","독학재수를 선택하며 학습계획 설정에 대한 걱정이 많았는데요, 코칭 시스템을 통해 단기부터 수능까지의 장기 목표를 체계적으로 설정할 수 있었고, 1:1 상담을 통해 나에게 맞는 학습 방법과 교재, 인강을 추천받아 효율적인 공부법을 확립할 수 있었어요."
"351","김승준","일산서구","재학생(고3)","단순히 공부를 열심히 하라고 하는 것이 아니라, 스케줄링 상담을 통해 하루 단위, 주 단위로 어떻게 시간을 써야 하는지 구체적으로 계획을 세울 수 있었어요."
"352","성채윤","동탄","반수생","그렇게 상담을 할 때마다 나름대로의 동기부여도 되었던 것 같았어요."
"353","조희원","대구달서","N수생","상담을 하면서 가지고 있는 고민이나 생활습관 같은 사소한 것들도 마음 편하게 얘기할 수 있어서 외로운 수험생활동안 학원에서만큼이라도 공부에만 집중할 수 있었던 것 같았어요."
"354","최상건","이천기숙","N수생","상담을 통해 또는 스스로 세운 계획을 얼마나 잘 지키고 있는지 점검함을 통해 학습관리를 잘 해주신 부분이 좋았어요."
"355","김다인","일산동구","반수생","멘토 선생님께서 직접 진도를 관리해 주셔서 이러한 문제를 해결할 수 있었어요."
"356","주재우","광주남구","반수생","혼자 공부할 때는 항상 머리속으로 이것도 해야 하고 저것도 해야 하고 늘 고민하느라 힘들었는데 우선순위를 정해두고 선생님과 상담을 통해 부담을 줄일 수 있었던 것 같았어요."
"357","남현식","강남","N수생","학원에서 생활하면서 전반적으로 체계적인 관리와 분위기 덕분에 공부에 집중할 수 있었던 점이 좋았어요."
"358","박명철","의정부","N수생","처음 상담 받으러 갔을 때부터 수능 전 마지막 이투스 모의고사 날까지 항상 관심을 가져주신 원장쌤, 아직 그때 주셨던 10000원 신권 가지고 있었어요."
"359","이하경","용인수지","N수생","수능이 끝난 후 지금 돌아보면, 계속 주요과목에만 집중하는 루틴을 가져갔다면 수능에서 좋은 성적을 받지 못했을 것이라고 생각했어요."
"360","이희정","의정부","N수생","여기서는 모의고사 환경을 조성해줘 실제 수능을 보는듯한 마음가짐으로 모의고사를 볼 수 있었어요."
"361","김민영","독학기숙","반수생","학원에서 제공하는 학습계획 플래너 관리를 받으면서 공부의 질이 완전히 달라졌습니었어요."
"362","김정인","광주남구","재학생(고3)","저에겐 일상생활에 생긴 일에 대해 상담해주는 코칭 시스템이 주변환경의 짐을 덜어주고 공부에게만 집중하게 도와주었다고 생각했어요."
"363","정지선","김포","N수생","긴 n수생활로 생활루틴을 어떻게잡을지도 지쳐있고 매번 정해지지않은 상태로 그날그날에 끌리는 과목만 공부하는정도였는데 이투스247에서 담임선생님과의 일주일에 한번씩 생활루틴을 상담받으면서 점차 제 루틴이 정립되었고 그게쌓이면서 수능때 좋은성적을 받게되었던것같습니다 항상 과목시간도 정해놓지않고 끌리는대로만 공부를 하던상황이라 제가 인지하지도 못한 채 성적이 잘나오는 과목만 더 열심히 하게되고, 잘 안나오는 과목은 후순위로 두는 실수를 두게되었는데 담임선생님이 제가 쓴 학습계획서를 꼼꼼히 봐주면서 지금 제가 어느과목을 회피하고있는지 명확히 알려주시고 해야한다에 그치지않고 그 과목이 부족한이유와 그 수준에맞는 새로운 공부법과 문제집을 계속 추천해주시면서 부족한과목을 놓지않게하여 결국 수능날 전체과목의 평균이 높은상태로 마무리되어 평균자체가 높아 유리한 교대에 합격하게된것같습니다 아무래도 태블릿과 핸드폰이 수험생활에서 제일 큰 방해요인이 아닐까라고 생각이 드는데, 이투스247김포점은 말로만 태블릿과 핸드폰을 하지말라고만 하는게 아니라 방화벽까지 꼼꼼하게 막아두고 재원학생들의 태블릿을 등록시켜놔서 딴짓을 하고있는지 계속 주의하면서 실제로 2분정도 딴짓을 하기위해 이 정도면 모르시겠지하고 인터넷을 들어갔는데 바로 감시중이던 선생님이 인터넷 접속을 원격으로 끊으셔서 오히려 딴짓할까 생각도 하지못하고 오히려 딴짓도 못하는데 공부라도 열심히해야겠다라는 마인드로 바로 바뀌었던것같습니다 그만큼 태블릿관리를 말로만하지않으시고 실제계속된감시와 주의로 학생들이 공부에만 집중할수있게 면학분위기를 조성시킨게 정말 큰 도움이되었던것같습니다 솔직히 이투스모의고사는 사설이라서 그렇게 중요하지않겠지라는 생각으로 이투스모의고사를 생각했었는데 실제 재원생으로 이투스247을 다니면서 이투스모의고사가 제가 수능생활을 유지할수있게하는 큰 도움이 된것같습니다 아무래도 수능생활에서 6월9월모의고사 수능 이렇게 중요한모의고사는 3개라고 볼수있는데 그 사이의 텀이 너무 긴데, 그 사이동안 긴장이 풀어지면서 해아해질수있는 기간을 이투스모의고사가 적절히 그 기간동안 긴장의 끈을 놓지않게 텐션을 유지해주면서 나의 성적대가 지금 어느정도인지 내가 공부하고있는 지금 이 방향이 잘가고있는지 확인할수있게만든 중요한 이정표의 역할이 되었다고 생각합니다 그래서 이투스모의고사를 통해 수능때까지의 긴장의끈을 놓지않고 달리며 수능때좋은성적을 거뒀던것같습니다 늦은나이에 공부를 시작하느라 뭐가뭔지도 모르고 수능의기조가 어떤지도 몰랐는데 이튜스선생님들을 만나고 쓴소리와 격려의말을 들으면서 제가부족한점과 지금 고쳐야할점을 회피하지않고 직면하게되면서 지금 이 수험생활에서 중요하게 뭔지 다시금 생각하게 해주셨고, 격려의 말을 통해 나라는 학생도 수능에서의 성공을 꿈꿀수있는사람으로서 다시 생각하게해쥬셨던것같습니다 많이 모자랐는데도 그저 지나가는 학생이 아닌 정말 끌어서 제가원하는 목표를 이루게 하기위해 힘드실텐데도 본인들의 에너지를 써가면서 저를 설득하고 공부하게끔 다시도와주시는 모습을 수능끝나고 뼈저리게 감사한 마음을 느꼈던것같습니다 이투스247김포점에서 선생님들을 만나고 꿈을 이루게 된것에 너무 감사드리고 저를 지나가는 학생이 아니라 진심으로 대해주셔서 정말 감사합니다 덕분에 꿈을 이룬것같습니다 항상 행복하세요 선생님들 요."
"364","이혜정","인천송도","N수생","그렇지만 시스템적으로 부모님께 공개되다 보니 자의적으로 계획을 세우면서 체계적으로 공부했어요."
"365","김도영","수원영통","반수생","반수생이라 조금 다른사람에 비해서 늦게 시작한 감이 있었는데 제 위치와 현재 상황에 맞게 각 과목별로 추천하는 커리어나 학습량 그리고 생활 패턴까지 알려주셔서 좀 더 계획을 현실적으로 잡고 공부에만 집중할수 있었습니다 혼자 무작정 진도를 나가는 것이 아니라 일정 주기로 얼만큼 학습했는지 확인을 받을수 있어서 공부가 잘되었던 주간이나 잘 안되었던 주간을 직접 확인할수 있어 중간에 흔들리더라도 다시 마음을 잡고 공부할수있는데에 큰 도움이 되었습니다 제가 집중을 잘 못해서 초반에는 딴생각 하거나 조는일이 자주 있었는데 그때마다 바로바로 깨워 주셔서 나중에는 오히려 그게 습관이 고쳐져서 후반에는 딴생각이나 조는 일 없이 공부에만 집중할수 있었던거 같습니다 일정 주기로 모의고사를 보는거 자체가 수능 준비에 큰 도움이 되었고 성적표에서 수능 예상등급까지 따로 분석해 주어서 내 위치를 정확히 파악할수 있어서 좋았고 또 재원생내에서 등수도 알려줘서 은근히 승부욕도 생겨 좋았었습니다 반년간 빠짐없이 출석확인과 공부태도들을 점검해주시느라 고생 많으셨고 또 덕분에 공부 진짜 안했던 제가 이런 학교에 와볼수 있다는게 꿈만 같았어요."
"366","김세영","평택","N수생","매달 진행된 상담과 피드백을 통해 제 현재 상태를 객관적으로 파악하고 부족한 부분을 보완할 수 있어 많은 도움이 되었어요."
"367","송지수","강남","N수생","이투스247의 학습계획이랑 플래너 관리도 도움이 많이 됐어요."
"368","김상현","안성기숙","N수생","분위기를 잡아주는 생활 관리, 학업을 책임지는 교과 지도, 그리고 최종 합격을 설계하는 입시 전략까지요."
"369","이준현","일산서구","재학생(고3)","매주 담임 선생님과 학습 분량을 구체적으로 논의하고 계획하면서, 제가 가야 할 길에 대한 확신을 얻을 수 있었어요."
"370","임형준","이천기숙","N수생","이 학습관리 시스템이 유용했다고요."
"371","이서경","독학기숙","N수생","조용하고 차분한 면학 분위기에서 공부에 집중할 수 있었어요."
"372","김은채","목동","반수생","그동안 정말 감사했습니다~ 선생님들 덕분에 대학생활을 훨씬 더 즐겁고 의미 있게 보낼 수 있었던 것 같아요."
"373","한현정","의정부","N수생","담임선생님을 배정하여 각자 어떤 방식으로 공부하는지 매주 확인하는 것이 좋은 시스템이었다고 생각했어요."
"374","성민준","대구달서","N수생","면학 분위기 감독 및 졸음 관리를 선택한 이유는 학습에 집중할 수 있는 환경이 잘 조성되어 있었기 때문이었어요."
"375","배지현","강남","N수생","플래너 관리를 통해 부족한 부분을 보완할 수 있었어요."
"376","박은우","광주남구","재학생(고3)","오답 해설 강의까지 해주셔서 실전력과 함께 얻어가는 게 많았습니다 다른 학원은 삭막한 분위기 때문에 다니기 싫었는데 말도 많이 걸어주시고 친근하게 다가와주셔서 심리안정이 많이 됐습니다 학업 측면 말고도 멘탈 관리, 학과 정보까지 다 상담해주셔서 1년이 빨리 지나갔습니다 감사했어요."
