번호,원문,수정본,주제,수정유형,수정본글자수
1,학생들이 스스로 졸지 않으려는 면학분위기가 조성되어 자연스럽게 옆 학생을 보며 졸지않으려고 노력하게되었어요.,졸음 관리와 생활 지도를 꾸준히 해주셔서 집중력이 떨어질 때도 다시 학습 흐름을 회복할 수 있었어요.,sleep,주제 유지 후 길이·표현 통일,56
2,"학생별 맞춤 진도 상담을 통해 부족한 부분을 정확히 파악할 수 있었고, 모의고사 이후 구체적인 공부 방향을 제시해주어 큰 도움이 되었어요.",모의고사 이후 성적과 취약점을 함께 점검하며 다음 학습 방향을 구체적으로 세울 수 있었어요.,mock,주제 유지 후 길이·표현 통일,51
3,"학생의 성적에 맞게 유연하게 해주셨던 것 같고, 매주 꾸준하게 코칭 및 상담을 받으면서 학습 태도를 잘 갖출 수 있었어요.",정기적인 성적 분석과 피드백을 통해 부족한 과목을 파악하고 보완 계획을 세우는 데 도움이 되었어요.,mock,주제 유지 후 길이·표현 통일,55
4,원장선생님과 출결관리를 해주셨던 선생님 그리고 플레너 관리를 해주셨던 선생님 정말 감사했어요.,플래너 점검과 피드백을 통해 하루 공부량과 과목별 우선순위를 체계적으로 정리할 수 있었어요.,planner,주제 유지 후 길이·표현 통일,51
5,그냥 빨리 일어나니까 생활습관 잡히고 아침에 뇌가 깨어 있는 느낌?요.,체계적인 학습 관리와 안정적인 분위기 덕분에 수험 생활 동안 공부에 집중할 수 있었어요.,general,"주제 유지 후 길이·표현 통일, 구어체/부적절 표현 정리",49
6,같이 공부하는 환경에서 자고 있는 학생이 있으면 깨워주시고 시간별로 돌아다니시면서 학습 분위기를 잡아주어 도움이 되었어요.,공부 중 졸릴 때마다 적절히 관리해주신 덕분에 순공 시간을 지키고 집중력을 유지할 수 있었어요.,sleep,주제 유지 후 길이·표현 통일,53
7,이투스247학원의 학습 상담 시스템 덕분에 저의 취약 과목을 객관적으로 파악하고 구체적인 보완 계획을 세울 수 있었어요.,매일 플래너를 확인받으며 계획을 실천하는 습관이 생겨 학습 루틴을 안정적으로 유지했어요.,planner,주제 유지 후 길이·표현 통일,49
8,상담 과정에서 꼼꼼하게 제 실력에 맞춰 학습 방향을 제시해주셔서 학습 계획을 세우는 데 큰 도움이 되었어요.,학습 계획을 구체적으로 세우고 점검받으면서 막연했던 공부 방향을 명확히 잡을 수 있었어요.,planner,주제 유지 후 길이·표현 통일,50
9,이러한 부분들을 관리해주시고 정말 나에게 맞는 공부를 추천해주셔서 잘 할 수 있었어요.,"학습 계획, 생활 관리, 상담이 함께 이루어져 혼자 공부할 때보다 훨씬 체계적으로 생활할 수 있었어요.",general,주제 유지 후 길이·표현 통일,57
10,공부하기 좋은 환경과 힘들게 공부할 때 많이 챙겨 주셔서 재수생활을 버티는데 도움이 많이 되었어요.,면학 분위기가 잘 조성되어 있어 학원에 있는 동안 자연스럽게 공부에 몰입할 수 있었어요.,atm,주제 유지 후 길이·표현 통일,49
11,이런 유혹은 수험생활을 쉽게 망치기 일쑤이었어요.,개인별 상황에 맞춘 관리와 피드백 덕분에 공부 방향을 잡고 꾸준히 실천할 수 있었어요.,general,주제 유지 후 길이·표현 통일,48
12,각 과목의 세세한 공부 방법과 멘탈 관리에 대한 상담을 받을 수 있었어요.,정기적인 상담을 통해 제 학습 상태를 객관적으로 돌아보고 필요한 공부 방향을 구체적으로 잡을 수 있었어요.,consult,주제 유지 후 길이·표현 통일,59
13,제가 모의고사를 풀거나 공부를 하며 많은 스트레스를 받았을 때 담임 선생님께 상담을 받아 많은 도움이 되었던 거 같았어요.,실전처럼 모의고사를 치르고 상담을 받으면서 시간 관리와 문제 풀이 전략을 점검할 수 있었어요.,mock,주제 유지 후 길이·표현 통일,52
14,"원장선생님께서 재원생 한명한명을 기억하시고, 마주치실때마다 공부잘되어가는지 여쭤봐주십니었어요.",학원 생활 전반이 체계적으로 관리되어 학습 습관을 만들고 유지하는 데 큰 도움이 되었어요.,general,주제 유지 후 길이·표현 통일,50
15,플래너는 결국 학생 개인의 공부 계획과 그 성취 여부를 잘 정리해놓은 자료이었어요.,플래너 관리를 통해 부족한 부분을 확인하고 다음 학습 계획에 바로 반영할 수 있었어요.,planner,주제 유지 후 길이·표현 통일,48
16,"이런 저에게 담임쌤과 국어, 수학 담당 원장님들이 재수 생활에 대한 전반적인 조언을 해주신 덕분에 안정적으로 수험 생활을 할 수 있었던 것 같았어요.",과목별 멘토링과 질의응답을 통해 막히는 부분을 빠르게 해결하고 제 수준에 맞는 공부법을 찾을 수 있었어요.,mentor,주제 유지 후 길이·표현 통일,59
17,"학습 상담, 생활 상담, 입시 상담까지 모두 윈터스쿨에서 그치는게 아니라 개학 후에까지 긍정적인 영향을 주고 있다고 생각했어요.","성적표를 바탕으로 현재 위치를 확인하고, 필요한 과목을 우선적으로 보완할 수 있었어요.",mock,주제 유지 후 길이·표현 통일,48
18,잠 관리가 잘 안되는 편이였는데 생활담임 선생님들이 아침에 깨워주셔서 규칙적인 학습루틴을 유지할 수 있었어요.,잠이 많아 걱정이었는데 생활 관리와 졸음 지도를 통해 규칙적인 학습 루틴을 만들 수 있었어요.,sleep,주제 유지 후 길이·표현 통일,52
19,휴대폰을 누군가 강제적으로 제출하게 해야 공부에 집중할 수 있었는데 이투스에서 그런 시스템을 가지고 관리를 해주어서 공부에 집중할 수 있었어요.,"휴대폰 관리 덕분에 불필요한 사용을 줄이고, 공부에 온전히 집중할 수 있었어요.",phone,주제 유지 후 길이·표현 통일,44
20,"현재 내가 모든 과목을 균형있게 골고루 공부하고 있는지, 계획이 너무 무리하진 않은지 플래너를 세세히 보시고 하나하나 피드백해 주신었어요.",주간 계획과 일일 계획을 함께 점검받아 공부 시간을 더 효율적으로 사용할 수 있었어요.,planner,주제 유지 후 길이·표현 통일,48
21,기출이나 N제 또한 진도와 성적에 맞는 교재로 추천해주셔서 성적 향상에 더 큰 도움을 받을 수 있었어요.,입시 상담과 성적 관리가 함께 이루어져 목표에 맞는 전략을 세우는 데 도움이 되었어요.,mock,주제 유지 후 길이·표현 통일,48
22,재수학원의 생활관리 시스템 중에서 특히 면학분위기 감독과 졸음 관리는 실제로 공부하는 데 있어 정말 많은 도움이 됐어요.,수시로 학습 분위기를 점검해주셔서 졸음을 줄이고 더 오래 집중하는 습관을 기를 수 있었어요.,sleep,주제 유지 후 길이·표현 통일,51
23,다른 독서실처럼 일방적으로 통제하기보다는 개인 상태에 맞춘 관리가 이루어져 훨씬 집중도 높은 학습이 가능했어요.,조용하고 집중된 학습 환경 덕분에 주변에 흔들리지 않고 공부 시간을 밀도 있게 보낼 수 있었어요.,atm,주제 유지 후 길이·표현 통일,54
24,매일 플래너를 점검받고 피드백을 얻으면서 완벽한 학습 루틴을 만들 수 있었어요.,선생님의 피드백을 바탕으로 과목별 학습 비중을 조절하며 균형 있게 공부할 수 있었어요.,planner,주제 유지 후 길이·표현 통일,48
25,지칠때 응원해주시며 동기부여해주시는게 수험생활의 소소한 낙이었어요.,선생님들의 꾸준한 관심과 따뜻한 격려 덕분에 힘든 수험 생활을 끝까지 이어갈 수 있었어요.,thanks,주제 유지 후 길이·표현 통일,50
26,학원의 면학 분위기가 매우 잘 조성되어 있어 공부에 집중하기에 좋은 환경이었어요.,엄격하지만 따뜻한 분위기 속에서 공부에만 집중할 수 있어 수험 생활에 큰 도움이 되었어요.,atm,주제 유지 후 길이·표현 통일,50
27,스트레스 없이 아이가 입시 공부에만 집중 할 수 있는 분위기 조성도 잘 해주신것 같았어요.,모의고사 이후 성적과 취약점을 함께 점검하며 다음 학습 방향을 구체적으로 세울 수 있었어요.,mock,주제 유지 후 길이·표현 통일,51
28,플래너를 쓰지 않았을때보다 더 체계적이고 효율적으로 공부할수 있었어요.,계획을 세우고 실천 여부를 확인하는 과정이 있어 하루를 더 밀도 있게 보낼 수 있었어요.,planner,주제 유지 후 길이·표현 통일,49
29,선생님이 직접 상담해주시는 시스템을 통해 스스로 세운 학습 계획이 올바르다는 것을 확인하고 계속해서 주도적으로 학습할 수 있었어요.,플래너 점검과 피드백을 통해 하루 공부량과 과목별 우선순위를 체계적으로 정리할 수 있었어요.,planner,주제 유지 후 길이·표현 통일,51
30,철저한 출결 및 생활 관리 시스템 덕분에 나태해지지 않고 꾸준히 순공 시간을 달성했어요.,출결과 생활 관리가 체계적으로 이루어져 나태해지지 않고 규칙적인 학습 습관을 유지할 수 있었어요.,attendance,주제 유지 후 길이·표현 통일,54
31,면학 분위기 관리와 감독이 잘 이루어져서 학습에 집중하기 좋은 환경이었어요.,주변 학생들도 함께 집중하는 환경이라 스스로 흐트러지지 않고 꾸준히 공부할 수 있었어요.,atm,주제 유지 후 길이·표현 통일,49
32,감독 시스템이 있어 집중력을 유지하는 데 큰 도움이 되었어요.,체계적으로 관리되는 자습 분위기 덕분에 학원에 오면 자연스럽게 공부 모드로 전환됐어요.,atm,주제 유지 후 길이·표현 통일,48
33,선생님들 모두모두 친절하게 대해주시고 생활 관리도 잘해주셔서 정말 감사했어요.,등·하원과 생활 패턴을 꾸준히 관리해주셔서 하루를 계획적으로 보내고 공부 리듬을 잡을 수 있었어요.,attendance,주제 유지 후 길이·표현 통일,55
34,솔직히 이런게 없으면 공부할 환경 자체가 만들어지지 않기에 더더욱 좋았던거 같았어요.,면학 분위기 관리가 꾸준히 이루어져 긴장감과 안정감을 함께 느끼며 공부할 수 있었어요.,atm,주제 유지 후 길이·표현 통일,48
35,멘토 선생님께서 수준에 맞는 문제집을 추천해 주시고 학습법을 알려주셔서 큰 도움이 되었어요.,담당 선생님들이 교재와 강의 선택까지 함께 고민해주셔서 더 효율적으로 학습할 수 있었어요.,mentor,주제 유지 후 길이·표현 통일,50
36,면학 분위기가 잘 조성되어 있어 자연스럽게 집중할 수 있었어요.,공부에 방해되는 요소가 줄어든 환경이라 하루 학습 시간을 더 효과적으로 활용할 수 있었어요.,atm,주제 유지 후 길이·표현 통일,51
37,"저는 2주에 한번씩 학습 상담울 받았었는데요, 저는 못하는 과목을 기피하는 성향이 있었는데,특히 영어가 그랬던 것 같았어요.",필요한 과목에 대해 구체적인 학습 방법과 자료를 추천받아 공부 방향을 잡는 데 큰 도움이 되었어요.,mentor,주제 유지 후 길이·표현 통일,55
38,계획짜는 방법이나 공부방법을 잘 몰랐어서 힘들었지만 선생님들의 조언과 말씀들 덕분에 공부를 어떻게 해야하는지 알게 되었어요.,매일 플래너를 확인받으며 계획을 실천하는 습관이 생겨 학습 루틴을 안정적으로 유지했어요.,planner,주제 유지 후 길이·표현 통일,49
39,반복해서 단어시험을 치기때문에 독해력에도 도움이 된것같았어요.,정기적인 성적 분석과 피드백을 통해 부족한 과목을 파악하고 보완 계획을 세우는 데 도움이 되었어요.,mock,주제 유지 후 길이·표현 통일,55
40,주변에 시끄러운 친구가 있을 때 피드백 반영이 빠르게 됐고 감독을 자주 하러 오셔서 졸지 않고 더 집중해서 공부할 수 있었어요.,졸음이 올 때마다 바로 다시 집중할 수 있도록 도와주셔서 공부 효율을 높일 수 있었어요.,sleep,주제 유지 후 길이·표현 통일,49
41,계획을 잘 마치겠다는 생각이 계속 공부를 열심히 하게 된 계기가 되었어요.,학습 계획을 구체적으로 세우고 점검받으면서 막연했던 공부 방향을 명확히 잡을 수 있었어요.,planner,주제 유지 후 길이·표현 통일,50
42,어디에서도 들어보지 못했던 실전적인 방법과 전략을 알려주셔서 과장 보태 감탄하면서 상담했던 것 같았어요.,실전처럼 모의고사를 치르고 상담을 받으면서 시간 관리와 문제 풀이 전략을 점검할 수 있었어요.,mock,주제 유지 후 길이·표현 통일,52
43,덕분에 규칙적인 생활 습관도 함께 잡을 수 있었고 집중하는 시간도 점점 늘어서 학습에 도움이 많이 됐어요.,생활 관리 시스템 덕분에 지각과 결석을 줄이고 학원에서의 학습 시간을 안정적으로 확보할 수 있었어요.,attendance,주제 유지 후 길이·표현 통일,56
44,엄격하지만 따뜻한 면학 분위기 속에서 오직 학습에만 100% 몰입할 수 있었어요.,면학 분위기가 잘 조성되어 있어 학원에 있는 동안 자연스럽게 공부에 몰입할 수 있었어요.,atm,주제 유지 후 길이·표현 통일,49
45,수험생의 상태를 성적뿐 아니라 그 이외의 것 들도 수험생활에 집중 할 수 있도록 상담해주셨어요.,"성적표를 바탕으로 현재 위치를 확인하고, 필요한 과목을 우선적으로 보완할 수 있었어요.",mock,주제 유지 후 길이·표현 통일,48
46,졸음 관리와 생활 습관 교정에도 큰 도움을 준었어요.,졸음 관리와 생활 지도를 꾸준히 해주셔서 집중력이 떨어질 때도 다시 학습 흐름을 회복할 수 있었어요.,sleep,주제 유지 후 길이·표현 통일,56
47,"학습 상담뿐만 아니라 졸음을 느낄 때, 집중력이 흐려질 때 등 생활 상담에 대해서도 해답을 주셔서 좋았어요.",공부 중 졸릴 때마다 적절히 관리해주신 덕분에 순공 시간을 지키고 집중력을 유지할 수 있었어요.,sleep,주제 유지 후 길이·표현 통일,53
48,어려움이 있어서 찾아갔을 때에도 저와 함께 최선의 방법으로 갈 수 있도록 진심을 다해 상담해주셔서 많은 용기 얻을 수 있었어요.,담임 선생님의 학습 상담과 멘탈 케어 덕분에 흔들릴 때마다 다시 마음을 잡고 공부할 수 있었어요.,consult,주제 유지 후 길이·표현 통일,54
49,"친절한 상담으로 멘탈을 잡아주시면서도, 공부할 때는 확실하게 관리해 주시는 시스템 덕분에 효율적으로 성적을 올릴 수 있는 환경이었어요.",입시 상담과 성적 관리가 함께 이루어져 목표에 맞는 전략을 세우는 데 도움이 되었어요.,mock,주제 유지 후 길이·표현 통일,48
50,"매달 치는 모의고사를 통해 담임선생님과 상담을 하면서 취약 과목 분석, 방향성 제시, 나의 위치 등의 전문적인 정보를 얻을 수 있었어요.",모의고사 이후 성적과 취약점을 함께 점검하며 다음 학습 방향을 구체적으로 세울 수 있었어요.,mock,주제 유지 후 길이·표현 통일,51
51,담임 선생님의 세심한 멘탈 케어와 학습 상담이 수험 생활의 큰 버팀목이 되었어요.,상담 과정에서 제 상황에 맞는 조언을 받을 수 있어 수험 생활을 더 안정적으로 이어갈 수 있었어요.,consult,주제 유지 후 길이·표현 통일,55
52,면학 분위기가 잘 유지된다는 점에서 집중하는 데 큰 도움이 됐어요.,조용하고 집중된 학습 환경 덕분에 주변에 흔들리지 않고 공부 시간을 밀도 있게 보낼 수 있었어요.,atm,주제 유지 후 길이·표현 통일,54
53,매일 플래너를 점검받고 피드백을 얻으면서 완벽한 학습 루틴을 만들 수 있었어요.,플래너 관리를 통해 부족한 부분을 확인하고 다음 학습 계획에 바로 반영할 수 있었어요.,planner,주제 유지 후 길이·표현 통일,48
54,"단순히 자습 시간만 부여하는 것이 아니라, 플래너 점검과 엄격한 생활 관리를 통해 버려지는 시간을 최소화할 수 있었어요.",주간 계획과 일일 계획을 함께 점검받아 공부 시간을 더 효율적으로 사용할 수 있었어요.,planner,주제 유지 후 길이·표현 통일,48
55,플래너 쓰기 귀찮아서 대충 썼었는데 플래너 검사를 통해 해야 되는 것을 가시화하는 습관을 만들게 되어 수험생활에 큰 도움이 되었어요.,선생님의 피드백을 바탕으로 과목별 학습 비중을 조절하며 균형 있게 공부할 수 있었어요.,planner,주제 유지 후 길이·표현 통일,48
56,생활관리 시스템중에서 특히 유용했던점은 전자출결 시스템을 이용해서 일일이 확인하는일이 없어 서로 번거로운일 없이 출석체크가 가능했어요.,정해진 시간표에 맞춰 생활하다 보니 수험 생활에 필요한 규칙성과 책임감이 자연스럽게 생겼어요.,attendance,주제 유지 후 길이·표현 통일,52
57,개인별 맞춤 관리에 공부를 하고자 하는 의욕이 생겼었어요.,공부에 필요한 환경과 상담이 함께 제공되어 수험 생활을 안정적으로 이어갈 수 있었어요.,general,주제 유지 후 길이·표현 통일,48
58,철저한 출결 및 생활 관리 시스템 덕분에 나태해지지 않고 꾸준히 순공 시간을 달성했어요.,체계적인 생활 관리가 있어 흐트러지기 쉬운 시기에도 꾸준한 공부 습관을 유지할 수 있었어요.,attendance,주제 유지 후 길이·표현 통일,51
59,엄격하지만 따뜻한 면학 분위기 속에서 오직 학습에만 100% 몰입할 수 있었어요.,엄격하지만 따뜻한 분위기 속에서 공부에만 집중할 수 있어 수험 생활에 큰 도움이 되었어요.,atm,주제 유지 후 길이·표현 통일,50
60,수학또한 강사님을 먼저 골라주시고 거기서 저의 수준에 맞게 강의를 골라주셔서 그나마 더 나은 성적이 나오게 되었어요.,정기적인 성적 분석과 피드백을 통해 부족한 과목을 파악하고 보완 계획을 세우는 데 도움이 되었어요.,mock,주제 유지 후 길이·표현 통일,55
61,"학습 상담을 받으면서 제 상태를 객관적으로 돌아볼 수 있었고, 멘탈을 정리하는 데 큰 도움이 되었어요.",학습과 생활 전반을 함께 상담해주셔서 공부 외적인 불안까지 정리하고 집중력을 회복할 수 있었어요.,consult,주제 유지 후 길이·표현 통일,54
62,옆에서 도움받지 않고서는 절대 혼자 못했을 결과받게 해주셔서 감사했어요.,체계적인 관리와 꾸준한 상담 덕분에 공부 습관이 달라졌고 목표에 한 걸음 더 가까워질 수 있었어요.,outcome,주제 유지 후 길이·표현 통일,55
63,"누가 직접 옆에서 관리해주는 것은 아니지만, 기록을 남기고 계획을 확인하는 과정 자체가 스스로를 통제하게 만들어서 공부 흐름이 끊기지 않았어요.",계획을 세우고 실천 여부를 확인하는 과정이 있어 하루를 더 밀도 있게 보낼 수 있었어요.,planner,주제 유지 후 길이·표현 통일,49
64,"아무리 넓은 공간이어도 사람으로 꽉채워 다닥다닥 붙어있다보면, 집중력이 흐트러지거나 상대에게 영향을 주거나 영향을 받기 마련이었어요.",주변 학생들도 함께 집중하는 환경이라 스스로 흐트러지지 않고 꾸준히 공부할 수 있었어요.,atm,주제 유지 후 길이·표현 통일,49
65,담임 선생님의 세심한 멘탈 케어와 학습 상담이 수험 생활의 큰 버팀목이 되었어요.,혼자 고민하던 부분을 상담으로 정리할 수 있어 학습 방향을 잡는 데 큰 도움이 되었어요.,consult,주제 유지 후 길이·표현 통일,49
66,출결관리도 해주시고 졸거나 집중안될 때 도와주시고 면학분위기 조성해주셔서 감사했어요.,잠이 많아 걱정이었는데 생활 관리와 졸음 지도를 통해 규칙적인 학습 루틴을 만들 수 있었어요.,sleep,주제 유지 후 길이·표현 통일,52
67,이런 생활 관리 시스템 덕분에 학습 습관이 규칙적으로 잡히고 성과 향상에 큰 도움이 되었어요.,출결과 생활 관리가 체계적으로 이루어져 나태해지지 않고 규칙적인 학습 습관을 유지할 수 있었어요.,attendance,주제 유지 후 길이·표현 통일,54
68,졸음도 가끔 들어오셔서 돌아다니시면서 깨워주시는데 그것 덕에 졸음도 깨고 공부 집중에 도움이 되었어요.,수시로 학습 분위기를 점검해주셔서 졸음을 줄이고 더 오래 집중하는 습관을 기를 수 있었어요.,sleep,주제 유지 후 길이·표현 통일,51
69,"학습에 관해 고민이 있거나 번아웃이 오면 담임선생님께 편하게 질문, 상담한 것이 좋았어요.",선생님과 꾸준히 이야기를 나누며 슬럼프를 극복하고 다시 공부에 몰입할 수 있었어요.,consult,주제 유지 후 길이·표현 통일,46
70,뿐만 아니라 보통 1년동안 담당 해주실 담임 선생님이 정해지기 때문에 계속 같은 데이터와 정보를 가지고 상담 해주신었어요.,현재 학습 상황에 맞춘 현실적인 조언을 받아 계획을 수정하고 실천하는 데 도움이 되었어요.,consult,주제 유지 후 길이·표현 통일,50
71,멘탈이 흔들릴 때마다 좋은 말씀들로 위로해주셔서 힘든 생활을 버틸 수 있었던 것 같았어요.,정기적인 상담을 통해 제 학습 상태를 객관적으로 돌아보고 필요한 공부 방향을 구체적으로 잡을 수 있었어요.,consult,주제 유지 후 길이·표현 통일,59
72,"잠을 자도 절제없이 잠을 자던 것이 많았고, 또 저 뿐만이 아닌 타 학생의 자는 모습 등을 관리해 주시니 공부 분위기 형성에 좋았어요.",졸음이 올 때마다 바로 다시 집중할 수 있도록 도와주셔서 공부 효율을 높일 수 있었어요.,sleep,주제 유지 후 길이·표현 통일,49
73,실전과 유사한 환경을 경험하며 시간 관리와 문제 풀이 전략을 점검하는 데 도움이 되었어요.,실전처럼 모의고사를 치르고 상담을 받으면서 시간 관리와 문제 풀이 전략을 점검할 수 있었어요.,mock,주제 유지 후 길이·표현 통일,52
74,꾸준한 학습을 해야지만 효과가 드러나는 공부이므로 매일 아침 영단어 시험을 규칙적으로 본 것이 영어실력 향상에 도움을 받았어요.,등·하원과 생활 패턴을 꾸준히 관리해주셔서 하루를 계획적으로 보내고 공부 리듬을 잡을 수 있었어요.,attendance,주제 유지 후 길이·표현 통일,55
75,"국어 멘토링을 통해 제 부족한 점을 날카롭게 짚어주시고, 1대1 플래너 상담으로 막막했던 학습 방향을 잡아주신 덕분에 큰 힘이 되었어요.",플래너 점검과 피드백을 통해 하루 공부량과 과목별 우선순위를 체계적으로 정리할 수 있었어요.,planner,주제 유지 후 길이·표현 통일,51
76,매일 플래너를 점검받고 피드백을 얻으면서 완벽한 학습 루틴을 만들 수 있었어요.,매일 플래너를 확인받으며 계획을 실천하는 습관이 생겨 학습 루틴을 안정적으로 유지했어요.,planner,주제 유지 후 길이·표현 통일,49
77,덕분에 학습에 대한 자신감이 생겼고 성적도 많이 향상되었어요.,"성적표를 바탕으로 현재 위치를 확인하고, 필요한 과목을 우선적으로 보완할 수 있었어요.",mock,주제 유지 후 길이·표현 통일,48
78,재수 생활을 시작하며 막막했던 제게 학습코칭은 단순한 스케줄 관리를 넘어선 '터닝 포인트'였어요.,담임 선생님의 학습 상담과 멘탈 케어 덕분에 흔들릴 때마다 다시 마음을 잡고 공부할 수 있었어요.,consult,주제 유지 후 길이·표현 통일,54
79,등원하고 하원할 때마다 반갑게 맞아주시는 카운터 선생님들 감사를 드리고 상담도 잘해주시고 항상 학생들 예뻐해 주시는 원장선생님께도 감사드립니었어요.,생활 관리 시스템 덕분에 지각과 결석을 줄이고 학원에서의 학습 시간을 안정적으로 확보할 수 있었어요.,attendance,주제 유지 후 길이·표현 통일,56
80,이투스에 플래너 관리 시스템은 하루 단위로 학습 계획을 구체적으로 세우고 실천하도록 도와주어 시간 낭비를 줄이고 효율적인 공부가 가능하게 해주었어요.,학습 계획을 구체적으로 세우고 점검받으면서 막연했던 공부 방향을 명확히 잡을 수 있었어요.,planner,주제 유지 후 길이·표현 통일,50
81,매달 치르는 모의고사 성적표로 개인 상담을 진행했을때 과목별로 현재 부족한 점과 보안할 점을 자세히 알려주셨었어요.,입시 상담과 성적 관리가 함께 이루어져 목표에 맞는 전략을 세우는 데 도움이 되었어요.,mock,주제 유지 후 길이·표현 통일,48
82,공부에만 더욱 집중할 수 있었어요.,체계적으로 관리되는 자습 분위기 덕분에 학원에 오면 자연스럽게 공부 모드로 전환됐어요.,atm,주제 유지 후 길이·표현 통일,48
83,학습과 생활 전반을 꼼꼼히 챙겨 주셔서 진심으로 감사드립니었어요.,학습과 생활 전반을 세심하게 챙겨주신 선생님들 덕분에 안정적으로 공부에 집중할 수 있었어요.,thanks,주제 유지 후 길이·표현 통일,51
84,종례때마다 해주시는 덕담과 조언이 재수생활 많은 도움이 됐던것 같았어요.,상담 과정에서 제 상황에 맞는 조언을 받을 수 있어 수험 생활을 더 안정적으로 이어갈 수 있었어요.,consult,주제 유지 후 길이·표현 통일,55
85,"면학 분위기와 졸음 관리를 보고 학원에 등록했을 정도로 이를 중요하게 생각하였는데, 관리가 매우 철저하게 이루어져 학습에 큰 도움이 되었어요.",졸음 관리와 생활 지도를 꾸준히 해주셔서 집중력이 떨어질 때도 다시 학습 흐름을 회복할 수 있었어요.,sleep,주제 유지 후 길이·표현 통일,56
86,항상 웃음으로 대해주셔서 힘든 반수생 생활이 덕분에 덜 힘들었어요.,체계적인 학습 관리와 안정적인 분위기 덕분에 수험 생활 동안 공부에 집중할 수 있었어요.,general,주제 유지 후 길이·표현 통일,49
87,"학습멘토 선생님들은 국어, 수학 두분이셨는데 특히나 수학에서 너무나많은 도움을 받았었어요.",질문이 생겼을 때 빠르게 도움을 받을 수 있어 어려운 부분을 오래 미루지 않고 해결할 수 있었어요.,mentor,주제 유지 후 길이·표현 통일,55
88,철저한 출결 및 생활 관리 시스템 덕분에 나태해지지 않고 꾸준히 순공 시간을 달성했어요.,정해진 시간표에 맞춰 생활하다 보니 수험 생활에 필요한 규칙성과 책임감이 자연스럽게 생겼어요.,attendance,주제 유지 후 길이·표현 통일,52
89,관리를 해주는 사람이 있으니 경고나 졸음주의를 받지 않도록 생활을 해야겠다 생각을 했던것 같았어요.,공부 중 졸릴 때마다 적절히 관리해주신 덕분에 순공 시간을 지키고 집중력을 유지할 수 있었어요.,sleep,주제 유지 후 길이·표현 통일,53
90,엄격하지만 따뜻한 면학 분위기 속에서 오직 학습에만 100% 몰입할 수 있었어요.,면학 분위기 관리가 꾸준히 이루어져 긴장감과 안정감을 함께 느끼며 공부할 수 있었어요.,atm,주제 유지 후 길이·표현 통일,48
91,"공부 시간과 휴식 시간을 균형 있게 조절할 수 있어 집중력이 높아졌고, 스스로 계획을 지키는 습관을 기르는 데 큰 도움이 되었어요.",플래너 관리를 통해 부족한 부분을 확인하고 다음 학습 계획에 바로 반영할 수 있었어요.,planner,주제 유지 후 길이·표현 통일,48
92,좋은 학습 분위기를 제공해주셔서 감사드립니었어요.,공부에 방해되는 요소가 줄어든 환경이라 하루 학습 시간을 더 효과적으로 활용할 수 있었어요.,atm,주제 유지 후 길이·표현 통일,51
93,한 과목에만 집중하면 다른 과목으로 넘어가라는 피드백도 받을 수 있었어요.,면학 분위기가 잘 조성되어 있어 학원에 있는 동안 자연스럽게 공부에 몰입할 수 있었어요.,atm,주제 유지 후 길이·표현 통일,49
94,개인별 맞춤형으로 진행되는 1대1 상담 시스템이 수험 생활에 큰 도움이 되었어요.,학습과 생활 전반을 함께 상담해주셔서 공부 외적인 불안까지 정리하고 집중력을 회복할 수 있었어요.,consult,주제 유지 후 길이·표현 통일,54
95,"수면패턴과 낮잠 시간등의 조화를 깨닫게해주심, 원래 잠이 많은 학생이라 고치고 싶었는데 이 과정에 많은 도움을 주셨었어요.",잠이 많아 걱정이었는데 생활 관리와 졸음 지도를 통해 규칙적인 학습 루틴을 만들 수 있었어요.,sleep,주제 유지 후 길이·표현 통일,52
96,학습환경 학습 분위기 등을 잡아주셔서 도움이 되었어요.,조용하고 집중된 학습 환경 덕분에 주변에 흔들리지 않고 공부 시간을 밀도 있게 보낼 수 있었어요.,atm,주제 유지 후 길이·표현 통일,54
97,학원 다닐 때 너무 스트레스를 많이 받았는데 담임 선생님과 상담을 받으면서 많이 극복했어요.,혼자 고민하던 부분을 상담으로 정리할 수 있어 학습 방향을 잡는 데 큰 도움이 되었어요.,consult,주제 유지 후 길이·표현 통일,49
98,학습 환경이 적절한지 체크하며 관리해주셔서 편하게 공부할 수 있었어요.,엄격하지만 따뜻한 분위기 속에서 공부에만 집중할 수 있어 수험 생활에 큰 도움이 되었어요.,atm,주제 유지 후 길이·표현 통일,50
99,어려운 문제가 있을 때 온라인이나 오프라인으로 상담 신청을 하면 바로 답변을 해주셔서 더 편리하게 공부할 수 있었어요.,선생님과 꾸준히 이야기를 나누며 슬럼프를 극복하고 다시 공부에 몰입할 수 있었어요.,consult,주제 유지 후 길이·표현 통일,46
100,"올해도 건강하시고, 행복한 한해 되시길 바라요 덕분에 원하는 대학 왔구 정신적으로든 성적으로든 도움 너무 많이 받았고, 조만간 한번 찾아뵙겠었어요.",모의고사 이후 성적과 취약점을 함께 점검하며 다음 학습 방향을 구체적으로 세울 수 있었어요.,mock,"주제 유지 후 길이·표현 통일, 실명/지점/특정 정보 제거",51
101,학습 보조 및 관리 측면에서는 제 성적을 누군가 지속적으로 점검해준다는 점에서 항상 긴장감을 유지하며 시험에 임할 수 있어 도움이 되었어요.,정기적인 성적 분석과 피드백을 통해 부족한 과목을 파악하고 보완 계획을 세우는 데 도움이 되었어요.,mock,주제 유지 후 길이·표현 통일,55
102,"전자출결 시스템을 통해 출석 관리가 체계적으로 이루어져 스스로 학습 태도를 점검할 수 있었고, 지각이나 결석을 줄이는 데에도 도움이 되었어요.",체계적인 생활 관리가 있어 흐트러지기 쉬운 시기에도 꾸준한 공부 습관을 유지할 수 있었어요.,attendance,주제 유지 후 길이·표현 통일,51
103,학습습관 형성 및 성적향상을 위한 여러 지도 감사드립니었어요.,실전처럼 모의고사를 치르고 상담을 받으면서 시간 관리와 문제 풀이 전략을 점검할 수 있었어요.,mock,주제 유지 후 길이·표현 통일,52
104,담임 선생님의 세심한 멘탈 케어와 학습 상담이 수험 생활의 큰 버팀목이 되었어요.,현재 학습 상황에 맞춘 현실적인 조언을 받아 계획을 수정하고 실천하는 데 도움이 되었어요.,consult,주제 유지 후 길이·표현 통일,50
105,학생들을 정말 진심으로 아끼시는 분이 담임이라 버틸 수 있었어요.,정기적인 상담을 통해 제 학습 상태를 객관적으로 돌아보고 필요한 공부 방향을 구체적으로 잡을 수 있었어요.,consult,주제 유지 후 길이·표현 통일,59
106,매일 플래너를 점검받고 피드백을 얻으면서 완벽한 학습 루틴을 만들 수 있었어요.,주간 계획과 일일 계획을 함께 점검받아 공부 시간을 더 효율적으로 사용할 수 있었어요.,planner,주제 유지 후 길이·표현 통일,48
107,철저한 출결 및 생활 관리 시스템 덕분에 나태해지지 않고 꾸준히 순공 시간을 달성했어요.,출결과 생활 관리가 체계적으로 이루어져 나태해지지 않고 규칙적인 학습 습관을 유지할 수 있었어요.,attendance,주제 유지 후 길이·표현 통일,54
108,"하루 공부량을 체계적으로 관리할 수 있었고, 생활 패턴도 규칙적으로 유지하는 데 도움이 되었어요.",선생님의 피드백을 바탕으로 과목별 학습 비중을 조절하며 균형 있게 공부할 수 있었어요.,planner,주제 유지 후 길이·표현 통일,48
109,반복되는 수험 생활 속에서 지칠 때마다 진행된 생활 상담이 큰 힘이 되었어요.,담임 선생님의 학습 상담과 멘탈 케어 덕분에 흔들릴 때마다 다시 마음을 잡고 공부할 수 있었어요.,consult,주제 유지 후 길이·표현 통일,54
110,엄격하지만 따뜻한 면학 분위기 속에서 오직 학습에만 100% 몰입할 수 있었어요.,주변 학생들도 함께 집중하는 환경이라 스스로 흐트러지지 않고 꾸준히 공부할 수 있었어요.,atm,주제 유지 후 길이·표현 통일,49
111,하루에 잠자는 시간말고는 거의 학원에 있었는데 학습 분위기도 좋고 상담도 잘 해주셔서 불편하지 않게 공부 열심히 잘 한 것 같습니다 감사합니다 요.,수시로 학습 분위기를 점검해주셔서 졸음을 줄이고 더 오래 집중하는 습관을 기를 수 있었어요.,sleep,주제 유지 후 길이·표현 통일,51
112,"학습계획과 플래너 관리를 통해 하루 공부 흐름을 체계적으로 정리할 수 있었고, 목표를 구체적으로 세워 실천하는 데 큰 도움이 되었어요.",계획을 세우고 실천 여부를 확인하는 과정이 있어 하루를 더 밀도 있게 보낼 수 있었어요.,planner,주제 유지 후 길이·표현 통일,49
113,휴대폰을 수거함으로써 공부에 온전히 집중할 수 있는 환경을 조성할 수 있었어요.,휴대폰을 제출하고 생활하니 딴짓이 줄어들어 순공 시간을 안정적으로 확보할 수 있었어요.,phone,주제 유지 후 길이·표현 통일,48
114,원서를 어디에 써야하는지 몰라서 헤매고 있을 때 상담을 성적에 맞게 잘 해주셔서 너무 좋았어요.,"성적표를 바탕으로 현재 위치를 확인하고, 필요한 과목을 우선적으로 보완할 수 있었어요.",mock,주제 유지 후 길이·표현 통일,48
115,담임 선생님의 세심한 멘탈 케어와 학습 상담이 수험 생활의 큰 버팀목이 되었어요.,상담 과정에서 제 상황에 맞는 조언을 받을 수 있어 수험 생활을 더 안정적으로 이어갈 수 있었어요.,consult,주제 유지 후 길이·표현 통일,55
116,매일 플래너를 점검받고 피드백을 얻으면서 완벽한 학습 루틴을 만들 수 있었어요.,플래너 점검과 피드백을 통해 하루 공부량과 과목별 우선순위를 체계적으로 정리할 수 있었어요.,planner,주제 유지 후 길이·표현 통일,51
117,"이투스247 학원 선생님들께 매우매우 감사하고 다른 올해, 내년에도 공부하는 다른 학생들에게도 많은 도움이 되리라 생각했어요.",항상 관심을 가지고 응원해주신 덕분에 지치지 않고 목표를 향해 꾸준히 나아갈 수 있었어요.,thanks,주제 유지 후 길이·표현 통일,50
118,철저한 출결 및 생활 관리 시스템 덕분에 나태해지지 않고 꾸준히 순공 시간을 달성했어요.,등·하원과 생활 패턴을 꾸준히 관리해주셔서 하루를 계획적으로 보내고 공부 리듬을 잡을 수 있었어요.,attendance,주제 유지 후 길이·표현 통일,55
119,개개인의 학습 태도 및 공부계획을 잡아주어 공부에 집중할 수 있도록 해주었어요.,매일 플래너를 확인받으며 계획을 실천하는 습관이 생겨 학습 루틴을 안정적으로 유지했어요.,planner,주제 유지 후 길이·표현 통일,49
120,엄격하지만 따뜻한 면학 분위기 속에서 오직 학습에만 100% 몰입할 수 있었어요.,체계적으로 관리되는 자습 분위기 덕분에 학원에 오면 자연스럽게 공부 모드로 전환됐어요.,atm,주제 유지 후 길이·표현 통일,48
121,내 진도에 맞춰서 학습관리를 하니 다른사람을 신경쓰느라 에너지를 빼앗기지 않아서 좋았고 조급하지 않을 수 있었어요.,"학습 계획, 생활 관리, 상담이 함께 이루어져 혼자 공부할 때보다 훨씬 체계적으로 생활할 수 있었어요.",general,주제 유지 후 길이·표현 통일,57
122,기숙생활은 공부에만 집중할 수 있는 환경이라는 점에서 확실히 도움이 됐어요.,면학 분위기 관리가 꾸준히 이루어져 긴장감과 안정감을 함께 느끼며 공부할 수 있었어요.,atm,주제 유지 후 길이·표현 통일,48
123,담임 선생님의 세심한 멘탈 케어와 학습 상담이 수험 생활의 큰 버팀목이 되었어요.,학습과 생활 전반을 함께 상담해주셔서 공부 외적인 불안까지 정리하고 집중력을 회복할 수 있었어요.,consult,주제 유지 후 길이·표현 통일,54
124,평소에도 어떻게 공부할 지에 대해 상담이 가능한 점이 도움이 되었어요.,혼자 고민하던 부분을 상담으로 정리할 수 있어 학습 방향을 잡는 데 큰 도움이 되었어요.,consult,주제 유지 후 길이·표현 통일,49
125,매일 플래너를 점검받고 피드백을 얻으면서 완벽한 학습 루틴을 만들 수 있었어요.,학습 계획을 구체적으로 세우고 점검받으면서 막연했던 공부 방향을 명확히 잡을 수 있었어요.,planner,주제 유지 후 길이·표현 통일,50
126,"원장님께서 직접 제 수업 진도와 학습 상황을 파악하신 뒤, 앞으로의 플랜을 짜는 것에 도움을 주셨었어요.",개인별 상황에 맞춘 관리와 피드백 덕분에 공부 방향을 잡고 꾸준히 실천할 수 있었어요.,general,주제 유지 후 길이·표현 통일,48
127,철저한 출결 및 생활 관리 시스템 덕분에 나태해지지 않고 꾸준히 순공 시간을 달성했어요.,생활 관리 시스템 덕분에 지각과 결석을 줄이고 학원에서의 학습 시간을 안정적으로 확보할 수 있었어요.,attendance,주제 유지 후 길이·표현 통일,56
128,평소 자습하는 습관이 없고 학원만 많은 공부습관을 가져서 어떻게 시작해야할지 막막했었어요.,학원 생활 전반이 체계적으로 관리되어 학습 습관을 만들고 유지하는 데 큰 도움이 되었어요.,general,주제 유지 후 길이·표현 통일,50
129,이투스 247의 체계적인 플래너 관리는 '막연한 불안감'을 '확실한 성취감'으로 바꿔주었어요.,플래너 관리를 통해 부족한 부분을 확인하고 다음 학습 계획에 바로 반영할 수 있었어요.,planner,주제 유지 후 길이·표현 통일,48
130,선생님들의 학습 경험에 기반한 진짜 도움되는 꿀팁들을 상담을 통해 많이 얻었어요.,선생님과 꾸준히 이야기를 나누며 슬럼프를 극복하고 다시 공부에 몰입할 수 있었어요.,consult,주제 유지 후 길이·표현 통일,46
131,엄격하지만 따뜻한 면학 분위기 속에서 오직 학습에만 100% 몰입할 수 있었어요.,공부에 방해되는 요소가 줄어든 환경이라 하루 학습 시간을 더 효과적으로 활용할 수 있었어요.,atm,주제 유지 후 길이·표현 통일,51
132,"출석 시 휴대폰을 관리해주셔서 불필요한 사용을 줄이고, 공부에 더욱 집중할 수 있는 환경이 만들어진 점도 큰 도움이 되었어요.",스스로 통제하기 어려웠던 휴대폰 사용을 관리해주셔서 공부 흐름을 꾸준히 유지할 수 있었어요.,phone,주제 유지 후 길이·표현 통일,51
133,수시로 돌아다니시면서 학생들의 졸음관리를 해주시는 것이 매우 도움이 되었다고 생각하고 학원 생활을 관리해 주시는 것 또한 좋았다고 생각했어요.,졸음이 올 때마다 바로 다시 집중할 수 있도록 도와주셔서 공부 효율을 높일 수 있었어요.,sleep,주제 유지 후 길이·표현 통일,49
134,"수기로 직접 플래너를 쓰면서 공부를 했었는데, 프로그램으로 계획을 작성을 하니까 나의 공부시간 비중, 패턴을 쉽게 파악할 수 있었어요.",주간 계획과 일일 계획을 함께 점검받아 공부 시간을 더 효율적으로 사용할 수 있었어요.,planner,주제 유지 후 길이·표현 통일,48
135,담임 선생님의 세심한 멘탈 케어와 학습 상담이 수험 생활의 큰 버팀목이 되었어요.,현재 학습 상황에 맞춘 현실적인 조언을 받아 계획을 수정하고 실천하는 데 도움이 되었어요.,consult,주제 유지 후 길이·표현 통일,50
136,매일 매일 학습 계획을 짤 때 체계적이고 실행가능하게 짤 수 있도록 도와주셔서 도움이 많이 되었어요.,선생님의 피드백을 바탕으로 과목별 학습 비중을 조절하며 균형 있게 공부할 수 있었어요.,planner,주제 유지 후 길이·표현 통일,48
137,계속 학원에서 공부만 하면 지루한데 유쾌한 분위기로 만들어주어 오히려 집중력 향상에 도움 되었어요.,면학 분위기가 잘 조성되어 있어 학원에 있는 동안 자연스럽게 공부에 몰입할 수 있었어요.,atm,주제 유지 후 길이·표현 통일,49
138,학생 개개인의 상황에 맞는 적절한 피드백과 공부 계획을 함께 고민해주시고 방향을 잡아주셔서 큰 도움이 되었어요.,계획을 세우고 실천 여부를 확인하는 과정이 있어 하루를 더 밀도 있게 보낼 수 있었어요.,planner,주제 유지 후 길이·표현 통일,49
139,담임 선생님 제도가 있어서 입시에서 정말 유리했어요.,입시 상담과 성적 관리가 함께 이루어져 목표에 맞는 전략을 세우는 데 도움이 되었어요.,mock,주제 유지 후 길이·표현 통일,48
140,생활시스템 중 졸음 방지와 면학 분위기 관리가 특히 만족스러웠어요.,졸음 관리와 생활 지도를 꾸준히 해주셔서 집중력이 떨어질 때도 다시 학습 흐름을 회복할 수 있었어요.,sleep,주제 유지 후 길이·표현 통일,56
141,"다른 학생들도 같은 환경이라 분위기가 흐트러지지 않고, 전체적으로 집중하기 좋은 환경이 만들어졌다는 점도 유용했어요.",조용하고 집중된 학습 환경 덕분에 주변에 흔들리지 않고 공부 시간을 밀도 있게 보낼 수 있었어요.,atm,주제 유지 후 길이·표현 통일,54
142,플래너도 나눠주셔서 쓰게해서 일과가 끝나고 오늘 하루를 복귀할 수 있었고 학원 관리또한 좋았습니다 관리같은 부분은 따로 선생님이 존재하셨는데요.,플래너 점검과 피드백을 통해 하루 공부량과 과목별 우선순위를 체계적으로 정리할 수 있었어요.,planner,주제 유지 후 길이·표현 통일,51
143,강압적인 분위기라는 게 너무 힘들었지만 모든게 저희를 위한 것이라는 것들을 돌아보면서 감사한 마음밖에 안듭니었어요.,엄격하지만 따뜻한 분위기 속에서 공부에만 집중할 수 있어 수험 생활에 큰 도움이 되었어요.,atm,주제 유지 후 길이·표현 통일,50
144,"1층에 계신 선생님들, 담임쌤들, 태은쌤,원장쌤까지 이투스 학생들이 잘되길 바라고 사랑하는 따듯한 마음도 항상 느꼈어요.",공부가 힘들 때마다 따뜻하게 이끌어주셔서 수험 생활을 버티는 데 큰 힘이 되었어요.,thanks,"주제 유지 후 길이·표현 통일, 실명/지점/특정 정보 제거",46
145,담임 선생님께서 저에게 여러 인강을 추천해주셔서 여러모로 다양한 도움이 되었어요.,과목별 학습 상담을 통해 부족한 단원과 유형을 파악하고 공부 계획에 반영할 수 있었어요.,mentor,주제 유지 후 길이·표현 통일,49
146,"평소에 쉽게 접하기 힘들고 학교 선생님들과의 상담으로는 만족하기 어려웠던 입시상담을 전문적인 선생님들 , 조교님들과 자세하게 알아볼 수 있어 좋았어요.",모의고사 이후 성적과 취약점을 함께 점검하며 다음 학습 방향을 구체적으로 세울 수 있었어요.,mock,주제 유지 후 길이·표현 통일,51
147,플래너 관리 시스템은 하루 공부 계획을 구체적으로 세우고 실천하게 해준 점에서 가장 유익했어요.,매일 플래너를 확인받으며 계획을 실천하는 습관이 생겨 학습 루틴을 안정적으로 유지했어요.,planner,주제 유지 후 길이·표현 통일,49
148,"항상 따뜻한 마음으로 지도해주시고, 공부에 집중할 수 있는 좋은 환경을 만들어주셔서 진심으로 감사드립니었어요.",주변 학생들도 함께 집중하는 환경이라 스스로 흐트러지지 않고 꾸준히 공부할 수 있었어요.,atm,주제 유지 후 길이·표현 통일,49
149,매일 플래너를 점검받고 피드백을 얻으면서 완벽한 학습 루틴을 만들 수 있었어요.,학습 계획을 구체적으로 세우고 점검받으면서 막연했던 공부 방향을 명확히 잡을 수 있었어요.,planner,주제 유지 후 길이·표현 통일,50
150,저는 이투스 패스 하나만 끊어서 재수 생활을 보냈는데 학원을 다닌 후로는 학원에서 이투스 구독 서비스를 제공해 주셔서 편하게 강의를 들을 수 있었어요.,과목별 멘토링과 질의응답을 통해 막히는 부분을 빠르게 해결하고 제 수준에 맞는 공부법을 찾을 수 있었어요.,mentor,주제 유지 후 길이·표현 통일,59
151,제가 목표를 말하고 상담할때마다 제 걱정을 덜어주시며 힘을 주신덕분에 원하는 결과를 이룰수있었어요.,정기적인 상담을 통해 제 학습 상태를 객관적으로 돌아보고 필요한 공부 방향을 구체적으로 잡을 수 있었어요.,consult,주제 유지 후 길이·표현 통일,59
152,상담 잘해주시고 1년동안 재수하는데 많은 도움주셔서 정말 감사했어요.,담임 선생님의 학습 상담과 멘탈 케어 덕분에 흔들릴 때마다 다시 마음을 잡고 공부할 수 있었어요.,consult,주제 유지 후 길이·표현 통일,54
153,덕분에 12년 공부 생활을 잘 마무리하고 새로운 공부 생활을 할 수 있게 도와주셔서 감사했어요.,선생님들의 세심한 관리와 응원 덕분에 마지막까지 포기하지 않고 공부할 수 있었어요.,thanks,주제 유지 후 길이·표현 통일,46
154,"학원 선생님께서 매일매일 플래너를 검사하셨고, 피드백도 자주 남겨주셔서 도움이 되었어요.",플래너 관리를 통해 부족한 부분을 확인하고 다음 학습 계획에 바로 반영할 수 있었어요.,planner,주제 유지 후 길이·표현 통일,48
155,철저한 출결 및 생활 관리 시스템 덕분에 나태해지지 않고 꾸준히 순공 시간을 달성했어요.,정해진 시간표에 맞춰 생활하다 보니 수험 생활에 필요한 규칙성과 책임감이 자연스럽게 생겼어요.,attendance,주제 유지 후 길이·표현 통일,52
156,일단 학습 스케쥴에 방해 되지 않도록 상담일자를 잡아주셔서 좋았어요.,상담 과정에서 제 상황에 맞는 조언을 받을 수 있어 수험 생활을 더 안정적으로 이어갈 수 있었어요.,consult,주제 유지 후 길이·표현 통일,55
157,피드백도 주기적으로 해주셨는데 이것이 수험 생활에 큰 힘이 되었어요.,공부에 필요한 환경과 상담이 함께 제공되어 수험 생활을 안정적으로 이어갈 수 있었어요.,general,주제 유지 후 길이·표현 통일,48
158,엄격하지만 따뜻한 면학 분위기 속에서 오직 학습에만 100% 몰입할 수 있었어요.,체계적으로 관리되는 자습 분위기 덕분에 학원에 오면 자연스럽게 공부 모드로 전환됐어요.,atm,주제 유지 후 길이·표현 통일,48
159,"이런 생활 관리로 학원 등원 뿐만아니라 다양한 제출기간, 목표 공부 시간 도달 등에도 많은 도움이 되었어요.",체계적인 생활 관리가 있어 흐트러지기 쉬운 시기에도 꾸준한 공부 습관을 유지할 수 있었어요.,attendance,주제 유지 후 길이·표현 통일,51
160,담임 선생님의 세심한 멘탈 케어와 학습 상담이 수험 생활의 큰 버팀목이 되었어요.,학습과 생활 전반을 함께 상담해주셔서 공부 외적인 불안까지 정리하고 집중력을 회복할 수 있었어요.,consult,주제 유지 후 길이·표현 통일,54
161,모두 열심히 공부하는 환경에서 집중할 수 있었어요.,면학 분위기 관리가 꾸준히 이루어져 긴장감과 안정감을 함께 느끼며 공부할 수 있었어요.,atm,주제 유지 후 길이·표현 통일,48
162,"저는 공부하다가 많이 조는 유형인데 졸때마다 깨워주시는것과 공부하는 것을 관리, 감독해주시는게 도움이 많이 됐어요.",공부 중 졸릴 때마다 적절히 관리해주신 덕분에 순공 시간을 지키고 집중력을 유지할 수 있었어요.,sleep,주제 유지 후 길이·표현 통일,53
163,사실 플래너는 강제성이 없다면 빼먹기도하고 계획없이 하루를 보내게 되는데 이럴 경우 하루를 밀도있게 보내기 어렵었어요.,주간 계획과 일일 계획을 함께 점검받아 공부 시간을 더 효율적으로 사용할 수 있었어요.,planner,주제 유지 후 길이·표현 통일,48
164,"면학 분위기를 위해 지켜야 할 규칙이 명확하고,담임 선생님이 면학 분위기 조성을 위해 충고를 아끼지 않으셔서 더욱 분위기가 잘 잡힌것 같아요.",출결과 생활 관리가 체계적으로 이루어져 나태해지지 않고 규칙적인 학습 습관을 유지할 수 있었어요.,attendance,주제 유지 후 길이·표현 통일,54
165,저의 전반적인 생활을 관리해주시고 각종 다양한 샹활을 관리해주는 태민티처 감사했어요.,선생님들의 꾸준한 관심과 따뜻한 격려 덕분에 힘든 수험 생활을 끝까지 이어갈 수 있었어요.,thanks,"주제 유지 후 길이·표현 통일, 실명/지점/특정 정보 제거",50
166,학습 계획을 체계적으로 세울 수 있다는 점도 유용했어요.,선생님의 피드백을 바탕으로 과목별 학습 비중을 조절하며 균형 있게 공부할 수 있었어요.,planner,주제 유지 후 길이·표현 통일,48
167,매달 정기적으로 시행되는 이투스 모의고사 시스템 덕분에 자칫 느슨해질 수 있는 수험 생활의 텐션을 정말 효과적으로 관리할 수 있었어요.,정기적인 성적 분석과 피드백을 통해 부족한 과목을 파악하고 보완 계획을 세우는 데 도움이 되었어요.,mock,주제 유지 후 길이·표현 통일,55
168,매일 플래너를 점검받고 피드백을 얻으면서 완벽한 학습 루틴을 만들 수 있었어요.,계획을 세우고 실천 여부를 확인하는 과정이 있어 하루를 더 밀도 있게 보낼 수 있었어요.,planner,주제 유지 후 길이·표현 통일,49
169,이투스 학원에서 평소 공부할 때 처럼 시간에 와서 치니까 평소랑 비슷한 기분도 들고 더 집중할 수 있었어요.,공부에 방해되는 요소가 줄어든 환경이라 하루 학습 시간을 더 효과적으로 활용할 수 있었어요.,atm,주제 유지 후 길이·표현 통일,51
170,학습관리 시스템은 내 공부 시간을 체계적으로 관리하고 계획-실행-피드백 과정을 반복할 수 있게 해준 점에서 유용했어요.,플래너 점검과 피드백을 통해 하루 공부량과 과목별 우선순위를 체계적으로 정리할 수 있었어요.,planner,주제 유지 후 길이·표현 통일,51
171,매주 해야할 공부를 각자에 맞게 상담해주어서 도움이 되었어요.,혼자 고민하던 부분을 상담으로 정리할 수 있어 학습 방향을 잡는 데 큰 도움이 되었어요.,consult,주제 유지 후 길이·표현 통일,49
172,철저한 출결 및 생활 관리 시스템 덕분에 나태해지지 않고 꾸준히 순공 시간을 달성했어요.,등·하원과 생활 패턴을 꾸준히 관리해주셔서 하루를 계획적으로 보내고 공부 리듬을 잡을 수 있었어요.,attendance,주제 유지 후 길이·표현 통일,55
173,이런 상황에서 학습 관리 시스템을 통해 제 성적과 학습 상태를 바탕으로 필요한 강의를 추천해주신 점이 큰 도움이 되었어요.,실전처럼 모의고사를 치르고 상담을 받으면서 시간 관리와 문제 풀이 전략을 점검할 수 있었어요.,mock,주제 유지 후 길이·표현 통일,52
174,제가 해왔던 모든 학습 방법보다 월등히 효율적이고 좋았으며 남들보다 늦게 시작한 저지만 많은 도움이 되었어요.,체계적인 학습 관리와 안정적인 분위기 덕분에 수험 생활 동안 공부에 집중할 수 있었어요.,general,주제 유지 후 길이·표현 통일,49
175,학원이 집중할 수 있는 면학 분위기를 조성해주어서 공부하는 데에 도움이 되었던 것 같았어요.,면학 분위기가 잘 조성되어 있어 학원에 있는 동안 자연스럽게 공부에 몰입할 수 있었어요.,atm,주제 유지 후 길이·표현 통일,49
176,엄격하지만 따뜻한 면학 분위기 속에서 오직 학습에만 100% 몰입할 수 있었어요.,조용하고 집중된 학습 환경 덕분에 주변에 흔들리지 않고 공부 시간을 밀도 있게 보낼 수 있었어요.,atm,주제 유지 후 길이·표현 통일,54
177,아이들이 좋아하는것만 해줄 수있는데 적당히 잘 통제되어서 만족했습니다 학생들이 정기적으로 시험을 보면서 자기 위치를 알 수 있어서 좋았어요.,"성적표를 바탕으로 현재 위치를 확인하고, 필요한 과목을 우선적으로 보완할 수 있었어요.",mock,주제 유지 후 길이·표현 통일,48
178,공부에만 집중할 수 있는 환경과 꾸준히 관리해 주신 덕분에 저 스스로도 많이 달라졌다고 느낍니었어요.,엄격하지만 따뜻한 분위기 속에서 공부에만 집중할 수 있어 수험 생활에 큰 도움이 되었어요.,atm,주제 유지 후 길이·표현 통일,50
179,담임 선생님의 세심한 멘탈 케어와 학습 상담이 수험 생활의 큰 버팀목이 되었어요.,선생님과 꾸준히 이야기를 나누며 슬럼프를 극복하고 다시 공부에 몰입할 수 있었어요.,consult,주제 유지 후 길이·표현 통일,46
180,매일 플래너를 점검받고 피드백을 얻으면서 완벽한 학습 루틴을 만들 수 있었어요.,매일 플래너를 확인받으며 계획을 실천하는 습관이 생겨 학습 루틴을 안정적으로 유지했어요.,planner,주제 유지 후 길이·표현 통일,49
181,생활관리시스템이 매우 체계적으로 운영되어 규칙적인 생활 습관을 형성하는 데 큰 도움이 되었어요.,생활 관리 시스템 덕분에 지각과 결석을 줄이고 학원에서의 학습 시간을 안정적으로 확보할 수 있었어요.,attendance,주제 유지 후 길이·표현 통일,56
182,"공부 계획 짜는 법을 자세히 알려주시고, 매주 검사했어요.",학습 계획을 구체적으로 세우고 점검받으면서 막연했던 공부 방향을 명확히 잡을 수 있었어요.,planner,주제 유지 후 길이·표현 통일,50
183,매주 선생님과 학습 상담을 하며 슬럼프가 오거나 학습 방향을 잡기 어려울 때 도움을 받을 수 있어 좋았어요.,현재 학습 상황에 맞춘 현실적인 조언을 받아 계획을 수정하고 실천하는 데 도움이 되었어요.,consult,주제 유지 후 길이·표현 통일,50
184,"대학생 코칭선생님과 일주일에 한 번씩 만나서 현재 진도를 체크하고, 다음 상담까지의 진도 등을 자세히 얘기나눴어요.",정기적인 상담을 통해 제 학습 상태를 객관적으로 돌아보고 필요한 공부 방향을 구체적으로 잡을 수 있었어요.,consult,주제 유지 후 길이·표현 통일,59
185,각 과목 선생님들과 상담하기 때문에 디테일한 피드백을 받을 수 있어 좋았던 것 같았어요.,담임 선생님의 학습 상담과 멘탈 케어 덕분에 흔들릴 때마다 다시 마음을 잡고 공부할 수 있었어요.,consult,주제 유지 후 길이·표현 통일,54
186,"강압적이고 딱딱한 분위기가 아니라 다같이 힘내서 공부하는 따뜻한 분위기여서 훨씬 공부에 집중할 수 있었고, 스트레스 관리도 용이했어요.",주변 학생들도 함께 집중하는 환경이라 스스로 흐트러지지 않고 꾸준히 공부할 수 있었어요.,atm,주제 유지 후 길이·표현 통일,49
187,철저한 출결 및 생활 관리 시스템 덕분에 나태해지지 않고 꾸준히 순공 시간을 달성했어요.,정해진 시간표에 맞춰 생활하다 보니 수험 생활에 필요한 규칙성과 책임감이 자연스럽게 생겼어요.,attendance,주제 유지 후 길이·표현 통일,52
188,이투스 학원에서 제공하는 멘토링 시스템이 좋았어요.,담당 선생님들이 교재와 강의 선택까지 함께 고민해주셔서 더 효율적으로 학습할 수 있었어요.,mentor,주제 유지 후 길이·표현 통일,50
189,면학 분위기 및 관리 감독은 학습에 집중할 수 있는 환경을 조성하는 데 큰 도움이 되었어요.,체계적으로 관리되는 자습 분위기 덕분에 학원에 오면 자연스럽게 공부 모드로 전환됐어요.,atm,주제 유지 후 길이·표현 통일,48
190,면학 분위기를 감독하는 것은 관리형 독서실에서 필수적인 시스템이었어요.,면학 분위기 관리가 꾸준히 이루어져 긴장감과 안정감을 함께 느끼며 공부할 수 있었어요.,atm,주제 유지 후 길이·표현 통일,48
191,가장 효율적인 강의를 찾아주고 가장 효과적으로 수강할 수 있게 도와주어 성적 향상에 도움이 되었어요.,입시 상담과 성적 관리가 함께 이루어져 목표에 맞는 전략을 세우는 데 도움이 되었어요.,mock,주제 유지 후 길이·표현 통일,48
192,이투스247의 생활관리 시스템은 등·하원 시간과 학습 태도를 체계적으로 관리해 규칙적인 생활 습관을 형성하는 데 도움을 준었어요.,체계적인 생활 관리가 있어 흐트러지기 쉬운 시기에도 꾸준한 공부 습관을 유지할 수 있었어요.,attendance,주제 유지 후 길이·표현 통일,51
193,"고3때 까지 쳐다도 보지 못한 곳을 이렇게 오게 될 수 있었던건 이투스 강서지점 선생님들의 탁월한 입시전략과 상담, 생활환경 조성 덕분이었어요.",모의고사 이후 성적과 취약점을 함께 점검하며 다음 학습 방향을 구체적으로 세울 수 있었어요.,mock,"주제 유지 후 길이·표현 통일, 실명/지점/특정 정보 제거",51
194,"하루 공부 시간 배분부터 과목별 우선순위까지 꼼꼼하게 짜주셔서, 막막했던 재수 생활을 훨씬 체계적으로 시작할 수 있었어요.",필요한 과목에 대해 구체적인 학습 방법과 자료를 추천받아 공부 방향을 잡는 데 큰 도움이 되었어요.,mentor,주제 유지 후 길이·표현 통일,55
195,원장선생님과 상담할 때 정말 평소 쌓였던 고민들과 걱정이 모두 뻥 사라지는 느낌이었어요.,상담 과정에서 제 상황에 맞는 조언을 받을 수 있어 수험 생활을 더 안정적으로 이어갈 수 있었어요.,consult,"주제 유지 후 길이·표현 통일, 구어체/부적절 표현 정리",55
196,매주 정기적으로 듣고 싶은 과목의 선생님과 학습상담을 할 수 있어서 좋았어요.,학습과 생활 전반을 함께 상담해주셔서 공부 외적인 불안까지 정리하고 집중력을 회복할 수 있었어요.,consult,주제 유지 후 길이·표현 통일,54
197,담임선생님과 성적 고민을 부담없이 나눌 수 있어 좋았고 멘토 선생님과 얘기를 하며 학습 향상에 도움이 되었어요.,정기적인 성적 분석과 피드백을 통해 부족한 과목을 파악하고 보완 계획을 세우는 데 도움이 되었어요.,mock,주제 유지 후 길이·표현 통일,55
198,외로운 수험생활에서 일상의 대화가 되어주시기도 하며 더욱 공부에 집중할 수 있도록 최선을 다해주셔서 생활에 도움이 많이 되었어요.,공부에 방해되는 요소가 줄어든 환경이라 하루 학습 시간을 더 효과적으로 활용할 수 있었어요.,atm,주제 유지 후 길이·표현 통일,51
199,휴대폰이 공부하는데에 가장 방해되는 요인인데 입실할때 휴대폰 내고 나갈때 받을 수 있도록 철저하게 관리해주시니 정말 오직 공부에만 집중할 수 있었어요.,입실 후 휴대폰을 관리하는 시스템 덕분에 학원에 있는 동안 집중력을 지킬 수 있었어요.,phone,주제 유지 후 길이·표현 통일,48
200,"주마다 불러내시어, 과목별로 지금 어떤 공부들을 하고 있는지 점검을 해주셔서 일단 플래너와 주 학습 계획을 더 잘 세울 수 있게 되었어요.",플래너 관리를 통해 부족한 부분을 확인하고 다음 학습 계획에 바로 반영할 수 있었어요.,planner,주제 유지 후 길이·표현 통일,48
201,"평소 공부 습관이 제대로 잡혀 있지 않아 어려움을 겪고 있었는데, 상담을 통해 체계적으로 공부 습관을 형성할 수 있어서 정말 좋았어요.",혼자 고민하던 부분을 상담으로 정리할 수 있어 학습 방향을 잡는 데 큰 도움이 되었어요.,consult,주제 유지 후 길이·표현 통일,49
202,엄격하지만 따뜻한 면학 분위기 속에서 오직 학습에만 100% 몰입할 수 있었어요.,면학 분위기가 잘 조성되어 있어 학원에 있는 동안 자연스럽게 공부에 몰입할 수 있었어요.,atm,주제 유지 후 길이·표현 통일,49
203,학습하는 분위기가 조성되어있는 것이 가장 큰 도움이 되었어요.,조용하고 집중된 학습 환경 덕분에 주변에 흔들리지 않고 공부 시간을 밀도 있게 보낼 수 있었어요.,atm,주제 유지 후 길이·표현 통일,54
204,그냥 얼핏 보면 별 필요없다고 생각이 들 수도 있는 점이지만 정신적인 관리를 선생님께서 도와주시니 편했던 거 같았어요.,"학습 계획, 생활 관리, 상담이 함께 이루어져 혼자 공부할 때보다 훨씬 체계적으로 생활할 수 있었어요.",general,"주제 유지 후 길이·표현 통일, 구어체/부적절 표현 정리",57
205,선생님께서 효율적이고 저에게 맞는 시간표를 짤 수 있게 도움을 많이 주십니었어요.,주간 계획과 일일 계획을 함께 점검받아 공부 시간을 더 효율적으로 사용할 수 있었어요.,planner,주제 유지 후 길이·표현 통일,48
206,그 학습 시스템이 영어 등급 향상에 큰 도움을 주었어요.,실전처럼 모의고사를 치르고 상담을 받으면서 시간 관리와 문제 풀이 전략을 점검할 수 있었어요.,mock,주제 유지 후 길이·표현 통일,52
207,이 경우 학생들은 지도를 의식하며 더 공부를 열심히 하고 더 깊은 집중을 갖고 공부를 할 수 있는 것 같았어요.,엄격하지만 따뜻한 분위기 속에서 공부에만 집중할 수 있어 수험 생활에 큰 도움이 되었어요.,atm,주제 유지 후 길이·표현 통일,50
208,모의고사 성적관리도 꼼꼼히 해주며 부족한 부분들을 보완해주시려고 노력해주었어요.,"성적표를 바탕으로 현재 위치를 확인하고, 필요한 과목을 우선적으로 보완할 수 있었어요.",mock,주제 유지 후 길이·표현 통일,48
209,공부 방법과 앞으로의 학습 방향을 잘 알려주시고 상담해주셔서 학습에 도움이 많이 되었어요.,선생님과 꾸준히 이야기를 나누며 슬럼프를 극복하고 다시 공부에 몰입할 수 있었어요.,consult,주제 유지 후 길이·표현 통일,46
210,재수학원의 생활 관리 시스템은 규칙적인 생활 습관을 형성하는 데 큰 도움이 되었어요.,출결과 생활 관리가 체계적으로 이루어져 나태해지지 않고 규칙적인 학습 습관을 유지할 수 있었어요.,attendance,주제 유지 후 길이·표현 통일,54
211,1대1로 선생님께서 상담을 해주시는게 좋았어요.,현재 학습 상황에 맞춘 현실적인 조언을 받아 계획을 수정하고 실천하는 데 도움이 되었어요.,consult,주제 유지 후 길이·표현 통일,50
212,주단위로 하루에 무엇을 얼만큼 공부할지 계획을 같이 세우고 피드백해주셔서 고르게 공부할 수 있었어요.,선생님의 피드백을 바탕으로 과목별 학습 비중을 조절하며 균형 있게 공부할 수 있었어요.,planner,주제 유지 후 길이·표현 통일,48
213,담임 선생님의 세심한 멘탈 케어와 학습 상담이 수험 생활의 큰 버팀목이 되었어요.,정기적인 상담을 통해 제 학습 상태를 객관적으로 돌아보고 필요한 공부 방향을 구체적으로 잡을 수 있었어요.,consult,주제 유지 후 길이·표현 통일,59
214,내원생이름도 외우시고 안부도 여쭤봐주시고 아침 일찍 출근하시고 상담도 해주시고 수험생들 공부 환경 만들어 주시려 애썼던것들 모두 감사했어요.,담임 선생님의 학습 상담과 멘탈 케어 덕분에 흔들릴 때마다 다시 마음을 잡고 공부할 수 있었어요.,consult,주제 유지 후 길이·표현 통일,54
215,"체계적인 관리와 학습 환경 덕분에 공부에 집중할 수 있었고, 수험 생활을 끝까지 버틸 수 있었어요.",주변 학생들도 함께 집중하는 환경이라 스스로 흐트러지지 않고 꾸준히 공부할 수 있었어요.,atm,주제 유지 후 길이·표현 통일,49
216,학습 상담을 하면서 담임선생님께서 제게 하셨던 말씀들도 아직까지 기억에 남아 있어요.,상담 과정에서 제 상황에 맞는 조언을 받을 수 있어 수험 생활을 더 안정적으로 이어갈 수 있었어요.,consult,주제 유지 후 길이·표현 통일,55
217,매일 플래너를 점검받고 피드백을 얻으면서 완벽한 학습 루틴을 만들 수 있었어요.,계획을 세우고 실천 여부를 확인하는 과정이 있어 하루를 더 밀도 있게 보낼 수 있었어요.,planner,주제 유지 후 길이·표현 통일,49
218,수능에서 현역 때의 수능 보다 좋은 결과를 얻은 것 같아 이투스의 생활 관리 시스템이 유용했다고 생각했어요.,등·하원과 생활 패턴을 꾸준히 관리해주셔서 하루를 계획적으로 보내고 공부 리듬을 잡을 수 있었어요.,attendance,주제 유지 후 길이·표현 통일,55
219,확실이 휴대폰이 없으니 공부에 집중이 더 잘 되고 성취감도 있어서 생활 관리에 유용했어요.,휴대폰 사용이 제한되어 수험 생활의 방해 요소를 줄이고 학습에 몰입할 수 있었어요.,phone,주제 유지 후 길이·표현 통일,46
220,철저한 출결 및 생활 관리 시스템 덕분에 나태해지지 않고 꾸준히 순공 시간을 달성했어요.,생활 관리 시스템 덕분에 지각과 결석을 줄이고 학원에서의 학습 시간을 안정적으로 확보할 수 있었어요.,attendance,주제 유지 후 길이·표현 통일,56
221,해당 생활 관리 시스템을 통해 이를 완전히 차단함으로써 이러한 문제점들을 해결할 수 있었어요.,정해진 시간표에 맞춰 생활하다 보니 수험 생활에 필요한 규칙성과 책임감이 자연스럽게 생겼어요.,attendance,주제 유지 후 길이·표현 통일,52
222,체계적으로 조성된 면학 분위기 덕분에 집중할 수 있는 환경이 만들어져 학습 효율이 크게 향상되었어요.,체계적으로 관리되는 자습 분위기 덕분에 학원에 오면 자연스럽게 공부 모드로 전환됐어요.,atm,주제 유지 후 길이·표현 통일,48
223,"매주 작성한 플래너를 확인하는 시간을 가졌는데, 이 시간이 저에겐 유용했어요.",플래너 점검과 피드백을 통해 하루 공부량과 과목별 우선순위를 체계적으로 정리할 수 있었어요.,planner,주제 유지 후 길이·표현 통일,51
224,수시원서를 쓰기전에 한명씩 친절하게 상담을 해주셨어요.,입시 상담과 성적 관리가 함께 이루어져 목표에 맞는 전략을 세우는 데 도움이 되었어요.,mock,주제 유지 후 길이·표현 통일,48
225,매주 상담을 진행하여 공부상황을 체크해주시고 시험을 보고 정신적으로 흔들릴때마다 멘탈을 잡아주시고 초반 학습방법에 대한 상담에서도 얻을 것이 많았어요.,모의고사 이후 성적과 취약점을 함께 점검하며 다음 학습 방향을 구체적으로 세울 수 있었어요.,mock,주제 유지 후 길이·표현 통일,51
226,이투스 독학재수학원의 생활상담시스템은 학습뿐 아니라 생활 전반을 관리해준다는 점에서 매우 유용했어요.,질문이 생겼을 때 빠르게 도움을 받을 수 있어 어려운 부분을 오래 미루지 않고 해결할 수 있었어요.,mentor,주제 유지 후 길이·표현 통일,55
227,학원 특유의 조용한 면학 분위기 덕분에 자리에 앉는 것만으로도 자연스럽게 공부에 몰입할 수 있었어요.,면학 분위기 관리가 꾸준히 이루어져 긴장감과 안정감을 함께 느끼며 공부할 수 있었어요.,atm,주제 유지 후 길이·표현 통일,48
228,얼마남지 않은 시기에 최고의 효율을 발휘해 예체능임에도 불구하고 2등급이라는 좋은 성적을 받을 수 있었어요.,정기적인 성적 분석과 피드백을 통해 부족한 과목을 파악하고 보완 계획을 세우는 데 도움이 되었어요.,mock,주제 유지 후 길이·표현 통일,55
229,집중도도 높아지고 공부시간을 더 효과적으로 사용할 수 있었어요.,공부에 방해되는 요소가 줄어든 환경이라 하루 학습 시간을 더 효과적으로 활용할 수 있었어요.,atm,주제 유지 후 길이·표현 통일,51
230,면학 분위기에 대한 관리도 세심하게 해주셔서 집중해서 공부할 수 있었어요.,면학 분위기가 잘 조성되어 있어 학원에 있는 동안 자연스럽게 공부에 몰입할 수 있었어요.,atm,주제 유지 후 길이·표현 통일,49
231,"공부를 제대로 계획 세워 해본 적이 없어서 시작도 못할 뻔 했는데, 선생님과 상담하면서 현재 내 위치를 인지하고 시작할 수 있었어요.",매일 플래너를 확인받으며 계획을 실천하는 습관이 생겨 학습 루틴을 안정적으로 유지했어요.,planner,주제 유지 후 길이·표현 통일,49
232,모의고사 보고 부족한점을 이야기 해주시고 저는 논술로 목표 하고 있어서 어느 과목을 올려서 최저 맞히는데 상담도 해주셨었어요.,실전처럼 모의고사를 치르고 상담을 받으면서 시간 관리와 문제 풀이 전략을 점검할 수 있었어요.,mock,주제 유지 후 길이·표현 통일,52
233,자주 학습 상태를 체크해주시고 상담도 여러번이 있어서 좋았어요.,학습과 생활 전반을 함께 상담해주셔서 공부 외적인 불안까지 정리하고 집중력을 회복할 수 있었어요.,consult,주제 유지 후 길이·표현 통일,54
234,이와 같은 생활 관리 시스템이 이루어짐으로써 공부에 조금 더 집중 할 수 있는 환경이 만들어져서 좋았어요.,체계적인 생활 관리가 있어 흐트러지기 쉬운 시기에도 꾸준한 공부 습관을 유지할 수 있었어요.,attendance,주제 유지 후 길이·표현 통일,51
235,사소한 부분에서까지 세심하게 의견을 나눌 수 있어 내가 의지하면서도 믿을 수 있고 나를 잘 아는 존재가 있다는게 수험생활에 소소한 행복이었어요.,개인별 상황에 맞춘 관리와 피드백 덕분에 공부 방향을 잡고 꾸준히 실천할 수 있었어요.,general,주제 유지 후 길이·표현 통일,48
236,시간표에 따라 생활을 하면서 생활습관과 공부습관을 함께 잡을 수 있어서 좋았던 것 같았어요.,학습 계획을 구체적으로 세우고 점검받으면서 막연했던 공부 방향을 명확히 잡을 수 있었어요.,planner,주제 유지 후 길이·표현 통일,50
237,저는 학습계획을 세우는 것에 있어서 어려움을 느꼈는데 학습 관리 시스템 덕분에 계획 짜는 법에 도움을 많이 받았어요.,플래너 관리를 통해 부족한 부분을 확인하고 다음 학습 계획에 바로 반영할 수 있었어요.,planner,주제 유지 후 길이·표현 통일,48
238,생활 관리 측면에서 가장 만족스러웠던 부분은 휴대폰 수거 시스템이었어요.,"휴대폰 관리 덕분에 불필요한 사용을 줄이고, 공부에 온전히 집중할 수 있었어요.",phone,주제 유지 후 길이·표현 통일,44
239,엄격하지만 따뜻한 면학 분위기 속에서 오직 학습에만 100% 몰입할 수 있었어요.,조용하고 집중된 학습 환경 덕분에 주변에 흔들리지 않고 공부 시간을 밀도 있게 보낼 수 있었어요.,atm,주제 유지 후 길이·표현 통일,54
240,1:1 상담을 통해 단계별로 해야 할 공부에 대한 방향성을 효율적으로 잡고 공부할 수 있었던 것 같았어요.,혼자 고민하던 부분을 상담으로 정리할 수 있어 학습 방향을 잡는 데 큰 도움이 되었어요.,consult,주제 유지 후 길이·표현 통일,49
241,이투스 학습관리는 진짜 체계적이라 놀라웠었어요.,학원 생활 전반이 체계적으로 관리되어 학습 습관을 만들고 유지하는 데 큰 도움이 되었어요.,general,주제 유지 후 길이·표현 통일,50
242,공부에 집중할 수 있는 환경을 만드는 데 큰 도움이 되었어요.,엄격하지만 따뜻한 분위기 속에서 공부에만 집중할 수 있어 수험 생활에 큰 도움이 되었어요.,atm,주제 유지 후 길이·표현 통일,50
243,"나는 원래 공부할 때 학습계획은 대략적으로 만 세우고, 플레너는 쓰지도 않았었어요.",주간 계획과 일일 계획을 함께 점검받아 공부 시간을 더 효율적으로 사용할 수 있었어요.,planner,주제 유지 후 길이·표현 통일,48
244,상담을 통해 지난 성적과 비교해가며 전략을 짜는 것 역시 좋았어요.,"성적표를 바탕으로 현재 위치를 확인하고, 필요한 과목을 우선적으로 보완할 수 있었어요.",mock,주제 유지 후 길이·표현 통일,48
245,어떤 부분이 어려운지를 이야기 하면 멘토분들께서 본인이 풀어보셨던 문제집을 추천해주시기도 하는데 저는 이렇게 접한 교재로 도움을 정말 많이 받았어요.,과목별 학습 상담을 통해 부족한 단원과 유형을 파악하고 공부 계획에 반영할 수 있었어요.,mentor,주제 유지 후 길이·표현 통일,49
246,"약 6개월간 기초부터 심화까지 학습에 도움을 주시고 또 학습적인 측면 뿐만 아니라, 생활적인 부분에서도 많은 케어를 해주셔서 정말 감사드립니었어요.",학습과 생활 전반을 세심하게 챙겨주신 선생님들 덕분에 안정적으로 공부에 집중할 수 있었어요.,thanks,주제 유지 후 길이·표현 통일,51
247,"출결 관리와 시간 관리가 철저해 자연스럽게 공부에 집중할 수 있었고, 전반적인 생활 습관을 바로잡는 데 도움이 되었어요.",출결과 생활 관리가 체계적으로 이루어져 나태해지지 않고 규칙적인 학습 습관을 유지할 수 있었어요.,attendance,주제 유지 후 길이·표현 통일,54
248,저의 루틴을 유지할 수 있도록 많은 도움을 주시고 살펴주신 실장님께도 감사의 인사를 전했어요.,등·하원과 생활 패턴을 꾸준히 관리해주셔서 하루를 계획적으로 보내고 공부 리듬을 잡을 수 있었어요.,attendance,주제 유지 후 길이·표현 통일,55
249,"주변 모두가 학습에 집중하는 환경이라 흐트러지기 어려웠고, 감독이 있어 긴장감과 책임감도 생겨 스스로를 더 잘 통제할 수 있었어요.",주변 학생들도 함께 집중하는 환경이라 스스로 흐트러지지 않고 꾸준히 공부할 수 있었어요.,atm,주제 유지 후 길이·표현 통일,49
250,제가 계획을 세우면 선생님께서 보고 피드백을 주셨기 때문에 더 효율적이고 도움이 되는 공부계획을 세우고 실천할 수 있었어요.,선생님의 피드백을 바탕으로 과목별 학습 비중을 조절하며 균형 있게 공부할 수 있었어요.,planner,주제 유지 후 길이·표현 통일,48
251,"재원기간동안 매주 상담을 해주신 담임 선생님, 아침마다 인사해주시던 선생님들, 졸 때마다 깨워주신 선생님 감사했어요.",잠이 많아 걱정이었는데 생활 관리와 졸음 지도를 통해 규칙적인 학습 루틴을 만들 수 있었어요.,sleep,주제 유지 후 길이·표현 통일,52
252,이 점은 집에서는 통제되기 힘든 부분이라고 생각되어 가장 좋았어요.,공부에 필요한 환경과 상담이 함께 제공되어 수험 생활을 안정적으로 이어갈 수 있었어요.,general,주제 유지 후 길이·표현 통일,48
253,담임 선생님이 제 플래너를 보시면서 성적 정보를 바탕으로 학습 상태를 꼼꼼하게 점검해 주셨었어요.,계획을 세우고 실천 여부를 확인하는 과정이 있어 하루를 더 밀도 있게 보낼 수 있었어요.,planner,주제 유지 후 길이·표현 통일,49
254,담임 선생님의 세심한 멘탈 케어와 학습 상담이 수험 생활의 큰 버팀목이 되었어요.,선생님과 꾸준히 이야기를 나누며 슬럼프를 극복하고 다시 공부에 몰입할 수 있었어요.,consult,주제 유지 후 길이·표현 통일,46
255,공부에 집중할 수 있었어요.,체계적으로 관리되는 자습 분위기 덕분에 학원에 오면 자연스럽게 공부 모드로 전환됐어요.,atm,주제 유지 후 길이·표현 통일,48
256,"그렇기에 학생 스스로가 목표를 계획하고, 스스로를 통제하는 것이 재수에서 가장 중요한 요소이었어요.",플래너 점검과 피드백을 통해 하루 공부량과 과목별 우선순위를 체계적으로 정리할 수 있었어요.,planner,주제 유지 후 길이·표현 통일,51
257,학습 계획 플래너는 하루 공부를 체계적으로 관리하는 데 큰 도움이 되었어요.,매일 플래너를 확인받으며 계획을 실천하는 습관이 생겨 학습 루틴을 안정적으로 유지했어요.,planner,주제 유지 후 길이·표현 통일,49
258,학원 생활 중 가장 만족스러웠던 부분은 체계적인 학습 관리 시스템이었어요.,체계적인 학습 관리와 안정적인 분위기 덕분에 수험 생활 동안 공부에 집중할 수 있었어요.,general,주제 유지 후 길이·표현 통일,49
259,1년동안 재수하는 것이 너무 힘들것이라고 생각했었는데 이투스학원 선생님들이 계속 신경써주시고 상담도 자주해주셔서 버틸 수 있었던 것 같아요.,현재 학습 상황에 맞춘 현실적인 조언을 받아 계획을 수정하고 실천하는 데 도움이 되었어요.,consult,주제 유지 후 길이·표현 통일,50
260,마지막으로 끝까지 달리기 위해 가장 중요한 생활 패턴을 잡는데 선생님의 지도와 학원 시스템이 큰 길잡이가 되었어요.,생활 관리 시스템 덕분에 지각과 결석을 줄이고 학원에서의 학습 시간을 안정적으로 확보할 수 있었어요.,attendance,주제 유지 후 길이·표현 통일,56
261,기계로 하기 때문에 실수가 적어 체계적이여서 너무너무 좋았어요.,"학습 계획, 생활 관리, 상담이 함께 이루어져 혼자 공부할 때보다 훨씬 체계적으로 생활할 수 있었어요.",general,주제 유지 후 길이·표현 통일,57
262,매일 플래너를 점검받고 피드백을 얻으면서 완벽한 학습 루틴을 만들 수 있었어요.,학습 계획을 구체적으로 세우고 점검받으면서 막연했던 공부 방향을 명확히 잡을 수 있었어요.,planner,주제 유지 후 길이·표현 통일,50
263,면학 분위기를 잘 관리해 주셔서 자연스럽게 집중할 수 있는 환경이 만들어진 점이 좋았어요.,면학 분위기 관리가 꾸준히 이루어져 긴장감과 안정감을 함께 느끼며 공부할 수 있었어요.,atm,주제 유지 후 길이·표현 통일,48
264,철저한 출결 및 생활 관리 시스템 덕분에 나태해지지 않고 꾸준히 순공 시간을 달성했어요.,정해진 시간표에 맞춰 생활하다 보니 수험 생활에 필요한 규칙성과 책임감이 자연스럽게 생겼어요.,attendance,주제 유지 후 길이·표현 통일,52
265,선생님들의 도움 덕분에 목표하던 학교에 진학하여 대학 생활을 즐기고 있었어요.,학원의 관리 시스템을 통해 생활 습관과 학습 태도가 함께 개선되어 만족스러운 결과를 얻을 수 있었어요.,outcome,주제 유지 후 길이·표현 통일,57
266,엄격하지만 따뜻한 면학 분위기 속에서 오직 학습에만 100% 몰입할 수 있었어요.,공부에 방해되는 요소가 줄어든 환경이라 하루 학습 시간을 더 효과적으로 활용할 수 있었어요.,atm,주제 유지 후 길이·표현 통일,51
267,꼭 n수를 안하더라도 고등학생이 다니기도 좋을 것 같습니다 전 잠도 많고 집중력도 안좋아서 다 잡아주시는게 좋았어요.,수시로 학습 분위기를 점검해주셔서 졸음을 줄이고 더 오래 집중하는 습관을 기를 수 있었어요.,sleep,주제 유지 후 길이·표현 통일,51
268,고3 생활은 피곤한게 일상이였어요.,개인별 상황에 맞춘 관리와 피드백 덕분에 공부 방향을 잡고 꾸준히 실천할 수 있었어요.,general,주제 유지 후 길이·표현 통일,48
269,담임선생님의 철저한 학습관리와 멘토링 덕분에 반수에 성공해서 더 좋은 대학에 다닐 수 있게 되었어요.,과목별 멘토링과 질의응답을 통해 막히는 부분을 빠르게 해결하고 제 수준에 맞는 공부법을 찾을 수 있었어요.,mentor,주제 유지 후 길이·표현 통일,59
270,"마지막으로, 생활상담을 포함한 코칭 시스템은 공부 외적인 부분까지 함께 관리해 준다는 점에서 의미가 있었어요.",정기적인 상담을 통해 제 학습 상태를 객관적으로 돌아보고 필요한 공부 방향을 구체적으로 잡을 수 있었어요.,consult,주제 유지 후 길이·표현 통일,59
271,혼자 공부했으면 하루를 어떻게 보내야 할지 효율적으로 계획하는 것이 힘들었을 텐데 일주일 단위로 공부해야할 것을 계획할 수 있어서 좋았어요.,플래너 관리를 통해 부족한 부분을 확인하고 다음 학습 계획에 바로 반영할 수 있었어요.,planner,주제 유지 후 길이·표현 통일,48
272,좋은 학습 환경에서 공부하고 플래너를 작성하는 습관 또한 기를 수 있었어요.,주간 계획과 일일 계획을 함께 점검받아 공부 시간을 더 효율적으로 사용할 수 있었어요.,planner,주제 유지 후 길이·표현 통일,48
273,덕분에 공부에 집중할 수 잇는 환경이 나에게 큰 도움이 되었어요.,면학 분위기가 잘 조성되어 있어 학원에 있는 동안 자연스럽게 공부에 몰입할 수 있었어요.,atm,주제 유지 후 길이·표현 통일,49
274,이튜스 247 종자점이 혼자서 공부하기 좋고 선생님들이 친절하고 좋아서 환경아 편하면서도 괄리를 잘 받아서 공부에 전념 할 수 있어서 좋았어요.,조용하고 집중된 학습 환경 덕분에 주변에 흔들리지 않고 공부 시간을 밀도 있게 보낼 수 있었어요.,atm,"주제 유지 후 길이·표현 통일, 실명/지점/특정 정보 제거",54
275,"고민 상담, 멘탈 관리, 공부 팁 등도 자주 알려주셔서 너무 유용하게 잘 이용했어요.",담임 선생님의 학습 상담과 멘탈 케어 덕분에 흔들릴 때마다 다시 마음을 잡고 공부할 수 있었어요.,consult,주제 유지 후 길이·표현 통일,54
276,이투스247의 코칭 시스템을 통해 저의 수준에 딱 맞는 공부 방법과 체계적인 학습 루틴을 잡을 수 있었어요.,체계적인 생활 관리가 있어 흐트러지기 쉬운 시기에도 꾸준한 공부 습관을 유지할 수 있었어요.,attendance,주제 유지 후 길이·표현 통일,51
277,조교 선생님만의 공부법과 팁들을 많이 전수해주셔서 유익하게 공부방법응 계획할 수 있었어요.,선생님의 피드백을 바탕으로 과목별 학습 비중을 조절하며 균형 있게 공부할 수 있었어요.,planner,주제 유지 후 길이·표현 통일,48
278,강지희 선생님 외 영어 국어 선생님 지난 1년동안 여러 공부 방법과 계획의 방향을 알려주셔서 감사했어요.,계획을 세우고 실천 여부를 확인하는 과정이 있어 하루를 더 밀도 있게 보낼 수 있었어요.,planner,"주제 유지 후 길이·표현 통일, 실명/지점/특정 정보 제거",49
279,"전반적인 성적, 부족한 과목과 파트를 자세히 파악해주시고 이를 토대로 구체적인 학습 방향을 제시해주셔서 학습계획 수립에 큰 도움이 되었어요.",플래너 점검과 피드백을 통해 하루 공부량과 과목별 우선순위를 체계적으로 정리할 수 있었어요.,planner,주제 유지 후 길이·표현 통일,51
280,학원 스케쥴과 이투스 학원을 병행하여 스케쥴 관리에 어려움이 있었어요.,학원 생활 전반이 체계적으로 관리되어 학습 습관을 만들고 유지하는 데 큰 도움이 되었어요.,general,주제 유지 후 길이·표현 통일,50
281,학습상담을 하면서 이후의 공부 계획과 방향성을 잡기 좋아서 만족스러웠어요.,매일 플래너를 확인받으며 계획을 실천하는 습관이 생겨 학습 루틴을 안정적으로 유지했어요.,planner,주제 유지 후 길이·표현 통일,49
282,취약 유형을 담임선생님과 상담하면서 집중적으로 끌어올릴 수 있었어요.,입시 상담과 성적 관리가 함께 이루어져 목표에 맞는 전략을 세우는 데 도움이 되었어요.,mock,주제 유지 후 길이·표현 통일,48
283,선생님께서 주기적으로 상담해주시면서 어떤 식으로 플랜을 짜는게 더 효율적인지 알려주셔서 스스로도 감을 잡을 수 있었어요.,상담 과정에서 제 상황에 맞는 조언을 받을 수 있어 수험 생활을 더 안정적으로 이어갈 수 있었어요.,consult,주제 유지 후 길이·표현 통일,55
284,"휴대폰을 수거하는 시스템 덕분에 불필요한 사용을 자연스럽게 줄일 수 있었고, 공부에 더 집중할 수 있는 환경이 만들어졌었어요.",휴대폰을 제출하고 생활하니 딴짓이 줄어들어 순공 시간을 안정적으로 확보할 수 있었어요.,phone,주제 유지 후 길이·표현 통일,48
285,타이트한 분위기 속에서 집중력을 극대화하고 싶은 학생들에게 최적의 환경이라고 생각했어요.,엄격하지만 따뜻한 분위기 속에서 공부에만 집중할 수 있어 수험 생활에 큰 도움이 되었어요.,atm,주제 유지 후 길이·표현 통일,50
286,재수라는게 사람마다 정도는 다르겠지만 멘탈적인 부분의 영향력을 무시할 수 없어서 그 멘탈관리에 조금이나마 도움이 되지 않았나 싶었어요.,학습과 생활 전반을 함께 상담해주셔서 공부 외적인 불안까지 정리하고 집중력을 회복할 수 있었어요.,consult,주제 유지 후 길이·표현 통일,54
287,담임 선생님의 세심한 멘탈 케어와 학습 상담이 수험 생활의 큰 버팀목이 되었어요.,혼자 고민하던 부분을 상담으로 정리할 수 있어 학습 방향을 잡는 데 큰 도움이 되었어요.,consult,주제 유지 후 길이·표현 통일,49
288,실전 모의고사를 통해서 계속 제 위치를 점검하고 실제 시험과 같은 분위기에서 연습할 수 있어서 좋았어요.,모의고사 이후 성적과 취약점을 함께 점검하며 다음 학습 방향을 구체적으로 세울 수 있었어요.,mock,주제 유지 후 길이·표현 통일,51
289,"졸음 관리 시스템을 통해 규칙적인 생활 습관을 유지하고, 졸릴 때 적절한 환기나 스트레칭, 관리 지도를 받아 집중력을 빠르게 회복할 수 있었어요.",졸음이 올 때마다 바로 다시 집중할 수 있도록 도와주셔서 공부 효율을 높일 수 있었어요.,sleep,주제 유지 후 길이·표현 통일,49
290,"규칙적인 생활 관리와 집중할 수 있는 환경 덕분에 공부 효율이 높아졌고, 자기 통제력과 책임감도 자연스럽게 길러졌었어요.",출결과 생활 관리가 체계적으로 이루어져 나태해지지 않고 규칙적인 학습 습관을 유지할 수 있었어요.,attendance,주제 유지 후 길이·표현 통일,54
291,생활 관리 시스템은 규칙적인 생활 습관을 유지하는 데 큰 도움이 되었어요.,등·하원과 생활 패턴을 꾸준히 관리해주셔서 하루를 계획적으로 보내고 공부 리듬을 잡을 수 있었어요.,attendance,주제 유지 후 길이·표현 통일,55
292,공부를 하는 데 있어서 가장 중요한 것 중 하나가 시간관리이었어요.,공부에 필요한 환경과 상담이 함께 제공되어 수험 생활을 안정적으로 이어갈 수 있었어요.,general,주제 유지 후 길이·표현 통일,48
293,매일 플래너를 점검받고 피드백을 얻으면서 완벽한 학습 루틴을 만들 수 있었어요.,학습 계획을 구체적으로 세우고 점검받으면서 막연했던 공부 방향을 명확히 잡을 수 있었어요.,planner,주제 유지 후 길이·표현 통일,50
294,덕분에 대학가서도 잘 생활하고 있었어요.,"꾸준한 피드백과 관리 덕분에 자신감이 생겼고, 수험 생활을 더 긍정적으로 마무리할 수 있었어요.",outcome,주제 유지 후 길이·표현 통일,53
295,플래너 작성법을 배우고 같이 공부계획을 짜며 체계적으로 공부하다보니 성적이 상승할 수 있었던 것 같고 유용했어요.,플래너 관리를 통해 부족한 부분을 확인하고 다음 학습 계획에 바로 반영할 수 있었어요.,planner,주제 유지 후 길이·표현 통일,48
296,이투스247의 졸음지도 및 관리는 집중력을 유지하여 공부하는 순공부시간 확보에 큰 도움이 되었어요.,졸음 관리와 생활 지도를 꾸준히 해주셔서 집중력이 떨어질 때도 다시 학습 흐름을 회복할 수 있었어요.,sleep,주제 유지 후 길이·표현 통일,56
297,"담임선생님께 입시상담을 하고, 과목별 담당 선생님들께 코칭을 받은 덕에 성적을 빨리 향상시킬 수 있었어요.",정기적인 성적 분석과 피드백을 통해 부족한 과목을 파악하고 보완 계획을 세우는 데 도움이 되었어요.,mock,주제 유지 후 길이·표현 통일,55
298,"스스로 공부하는 데 막막함과 불안을 느꼈지만, 이투스의 통제된 환경과 학습에 집중할 수 있는 여건이 큰 도움이 되었어요.",선생님과 꾸준히 이야기를 나누며 슬럼프를 극복하고 다시 공부에 몰입할 수 있었어요.,consult,주제 유지 후 길이·표현 통일,46
299,공부루틴도 잡아주시고 공부에 대한 상담까지 잘 이루어져 효율적인 공부를 할 수 있었어요.,생활 관리 시스템 덕분에 지각과 결석을 줄이고 학원에서의 학습 시간을 안정적으로 확보할 수 있었어요.,attendance,주제 유지 후 길이·표현 통일,56
300,"규칙적인 생활 습관을 형성하게 되어 체력과 집중력이 향상되었고, 불안한 마음을 안정시키는 데 큰 도움이 되었어요.",정해진 시간표에 맞춰 생활하다 보니 수험 생활에 필요한 규칙성과 책임감이 자연스럽게 생겼어요.,attendance,주제 유지 후 길이·표현 통일,52
301,전체적으로 스스로 공부하기 어려운 학생들에게 체계적인 관리와 즉각적인 피드백을 제공해준다는 점에서 만족도가 높은 학원이었어요.,체계적인 학습 관리와 안정적인 분위기 덕분에 수험 생활 동안 공부에 집중할 수 있었어요.,general,주제 유지 후 길이·표현 통일,49
302,학습계획 및 플래너 관리 시스템은 하루와 주간 단위로 목표를 구체적으로 설정하고 점검할 수 있어 학습 방향을 명확하게 잡는 데 도움이 되었어요.,주간 계획과 일일 계획을 함께 점검받아 공부 시간을 더 효율적으로 사용할 수 있었어요.,planner,주제 유지 후 길이·표현 통일,48
303,"한 해동안 공부, 생활 관리를 넘어서 정말 많은 부분에서 도움을 받은 것 같아서 애틋한 마음이 드네요.",체계적인 생활 관리가 있어 흐트러지기 쉬운 시기에도 꾸준한 공부 습관을 유지할 수 있었어요.,attendance,주제 유지 후 길이·표현 통일,51
304,스마트폰은 통제하기 어렵고 가장 큰 방해가 되는 요인인데 아예 휴대폰을 제출하였기에 집중도에 큰 도움을 받았어요.,스스로 통제하기 어려웠던 휴대폰 사용을 관리해주셔서 공부 흐름을 꾸준히 유지할 수 있었어요.,phone,주제 유지 후 길이·표현 통일,51
305,"처음 해보는 재수 생활이라 시간 관리, 생활 관리에 어려움을 겪었는데 베테랑 선생님들이 계셔서 뭐든 물어볼 수 있었어요.",출결과 생활 관리가 체계적으로 이루어져 나태해지지 않고 규칙적인 학습 습관을 유지할 수 있었어요.,attendance,주제 유지 후 길이·표현 통일,54
306,매일 학습 환경을 관리해주시고 학습에 대한 상담을 진행해주신 덕분에 수능에 온전히 집중할 수 있었어요.,현재 학습 상황에 맞춘 현실적인 조언을 받아 계획을 수정하고 실천하는 데 도움이 되었어요.,consult,주제 유지 후 길이·표현 통일,50
307,철저한 출결 및 생활 관리 시스템 덕분에 나태해지지 않고 꾸준히 순공 시간을 달성했어요.,등·하원과 생활 패턴을 꾸준히 관리해주셔서 하루를 계획적으로 보내고 공부 리듬을 잡을 수 있었어요.,attendance,주제 유지 후 길이·표현 통일,55
308,"저 역시 6모를 보고 생각보다 성적이 오르지 않았다고 느꼈는데, 그럴 때마다 담임 선생님과의 학습 상담이 큰 도움이 되었어요.",실전처럼 모의고사를 치르고 상담을 받으면서 시간 관리와 문제 풀이 전략을 점검할 수 있었어요.,mock,주제 유지 후 길이·표현 통일,52
309,상담 덕분에 학습 방향을 결정하고 동기를 부여하는 데 매우 도움이 되었고 멘탈 관리도 잘 되었어요.,정기적인 상담을 통해 제 학습 상태를 객관적으로 돌아보고 필요한 공부 방향을 구체적으로 잡을 수 있었어요.,consult,주제 유지 후 길이·표현 통일,59
310,"매일 아침 밝은 모습으로 맞아주시고, 엄격하면서도 애정 어린 생활 관리로 제가 올바른 학습 습관을 형성할 수 있도록 도와주셔서 감사했어요.",생활 관리 시스템 덕분에 지각과 결석을 줄이고 학원에서의 학습 시간을 안정적으로 확보할 수 있었어요.,attendance,주제 유지 후 길이·표현 통일,56
311,기숙학원의 규칙적이고 체계적인 생활 관리 덕에 오로지 공부에만 집중할 수 있어 좋았어요.,정해진 시간표에 맞춰 생활하다 보니 수험 생활에 필요한 규칙성과 책임감이 자연스럽게 생겼어요.,attendance,주제 유지 후 길이·표현 통일,52
312,플래너 쓰는 것도 어려워하던 저에게 공부 계획을 어떻게 체계적이고 효율적이게 세울 수 있는지를 알려주셨었어요.,선생님의 피드백을 바탕으로 과목별 학습 비중을 조절하며 균형 있게 공부할 수 있었어요.,planner,주제 유지 후 길이·표현 통일,48
313,항상 요청 사항 잘 들어주시고 공부에 집중할 수 있도록 환경 마련해주셔서 감사했어요.,주변 학생들도 함께 집중하는 환경이라 스스로 흐트러지지 않고 꾸준히 공부할 수 있었어요.,atm,주제 유지 후 길이·표현 통일,49
314,이투스 재수학원의 학습 플래너 관리는 나태해지기 쉬운 수험 생활에서 공부의 중심을 잡아주는 역할을 했어요.,계획을 세우고 실천 여부를 확인하는 과정이 있어 하루를 더 밀도 있게 보낼 수 있었어요.,planner,주제 유지 후 길이·표현 통일,49
315,항상 신경써주시고 잘 챙겨주시고 공부환경에 대해서 많이 배려해주셔서 감사해요.,체계적으로 관리되는 자습 분위기 덕분에 학원에 오면 자연스럽게 공부 모드로 전환됐어요.,atm,주제 유지 후 길이·표현 통일,48
316,"플래너 관리를 통해 규칙적인 학원 생활을 만들 수 있었고, 모의고사에서 여러 루틴을 시도해 저에게 맞는 루틴을 찾을 수 있었어요.",플래너 점검과 피드백을 통해 하루 공부량과 과목별 우선순위를 체계적으로 정리할 수 있었어요.,planner,주제 유지 후 길이·표현 통일,51
317,학습 상태에 따른 적절한 교재 및 인강을 추천해주셨고 매달 월간 계획을 세우면서 과목별 시간 분배와 진도를 체계적으로 세울 수 있었어요.,매일 플래너를 확인받으며 계획을 실천하는 습관이 생겨 학습 루틴을 안정적으로 유지했어요.,planner,주제 유지 후 길이·표현 통일,49
318,현역 고3때 공부할때는 계획 짜는것이 의미 없다고 생각되어서 플래너를 따로 작성하지 않았어요.,학습 계획을 구체적으로 세우고 점검받으면서 막연했던 공부 방향을 명확히 잡을 수 있었어요.,planner,주제 유지 후 길이·표현 통일,50
319,담당 과목 선생님들께서 상주하시면서 매주 학습상담과 질의응답을 받아주셔서 정말 좋았어요.,담당 선생님들이 교재와 강의 선택까지 함께 고민해주셔서 더 효율적으로 학습할 수 있었어요.,mentor,주제 유지 후 길이·표현 통일,50
320,이로 인해서 재미있는 수험생활을 이어갈 수 있었어요.,"학습 계획, 생활 관리, 상담이 함께 이루어져 혼자 공부할 때보다 훨씬 체계적으로 생활할 수 있었어요.",general,주제 유지 후 길이·표현 통일,57
321,"확실히 공부하는 곳 내에서 조용하고 적절한 온도, 쾌적한 환경이 뒷받침 되니 공부 집중도가 향상됨을 느낄 수 있었어요.",면학 분위기 관리가 꾸준히 이루어져 긴장감과 안정감을 함께 느끼며 공부할 수 있었어요.,atm,주제 유지 후 길이·표현 통일,48
322,엄격하지만 따뜻한 면학 분위기 속에서 오직 학습에만 100% 몰입할 수 있었어요.,공부에 방해되는 요소가 줄어든 환경이라 하루 학습 시간을 더 효과적으로 활용할 수 있었어요.,atm,주제 유지 후 길이·표현 통일,51
323,입시설명회 등 입시정보를 많이 얻을 수 있는 자리를 만들어주어서 경험과 정보를 쌓는 데에 많은 도움이 되었어요.,"성적표를 바탕으로 현재 위치를 확인하고, 필요한 과목을 우선적으로 보완할 수 있었어요.",mock,주제 유지 후 길이·표현 통일,48
324,스스로 통제하기 어려운 상황에서도 외부적인 관리가 이루어지니 흐트러짐을 줄일 수 있었어요.,개인별 상황에 맞춘 관리와 피드백 덕분에 공부 방향을 잡고 꾸준히 실천할 수 있었어요.,general,주제 유지 후 길이·표현 통일,48
325,추가로 특정 과목이 힘들었을 때 담임선생님께서 특정 과목 담당 선생님께 학습 관련 상담을 요청해 주셔서 막막함을 해결할 수 있었던 점도 좋았어요.,담임 선생님의 학습 상담과 멘탈 케어 덕분에 흔들릴 때마다 다시 마음을 잡고 공부할 수 있었어요.,consult,주제 유지 후 길이·표현 통일,54
326,이투스247의 체계적인 관리와 편한 질의응답 시스템에 정말 많은 도움을 받았고 덕분에 원하던 의대에 합격해 정말 재밌게 학교생활 하고있었어요.,필요한 과목에 대해 구체적인 학습 방법과 자료를 추천받아 공부 방향을 잡는 데 큰 도움이 되었어요.,mentor,"주제 유지 후 길이·표현 통일, 실명/지점/특정 정보 제거",55
327,담임선생님들이 계셔서 학습 외적인 부분에서도 도움을 받을 수 있다는 점이 좋았어요.,상담 과정에서 제 상황에 맞는 조언을 받을 수 있어 수험 생활을 더 안정적으로 이어갈 수 있었어요.,consult,주제 유지 후 길이·표현 통일,55
328,"플래너에서 부족한 부분을 찾아 보충하도록 도움을 주시고, 자세한 교재와 인강도 함께 추천해주셔서 도움을 많이 받았어요.",플래너 관리를 통해 부족한 부분을 확인하고 다음 학습 계획에 바로 반영할 수 있었어요.,planner,주제 유지 후 길이·표현 통일,48
329,일단 너무 어렵지 않아서 좋았고 성적이 담임 선생님께 공개가 되니깐 더 책임감?요.,입시 상담과 성적 관리가 함께 이루어져 목표에 맞는 전략을 세우는 데 도움이 되었어요.,mock,"주제 유지 후 길이·표현 통일, 구어체/부적절 표현 정리",48
330,"매주 과목별 학습 계획을 직접 짜고 선생님께 검사받는 구조라서, 스스로 공부 방향을 잡는 데 확실히 효과가 있었어요.",주간 계획과 일일 계획을 함께 점검받아 공부 시간을 더 효율적으로 사용할 수 있었어요.,planner,주제 유지 후 길이·표현 통일,48
331,매일 작성하는 플래너를 담임 선생님이 직접 점검해 주시니 계획의 실천력이 확실히 달라졌었어요.,선생님의 피드백을 바탕으로 과목별 학습 비중을 조절하며 균형 있게 공부할 수 있었어요.,planner,주제 유지 후 길이·표현 통일,48
332,"연락 드렸어야 했는데 깜빡했습니다…^^;;7 원장님, 확실히 정신 못 차린 놈 사람 만들어주셔서 정말 감사했어요.",항상 관심을 가지고 응원해주신 덕분에 지치지 않고 목표를 향해 꾸준히 나아갈 수 있었어요.,thanks,"주제 유지 후 길이·표현 통일, 실명/지점/특정 정보 제거, 구어체/부적절 표현 정리",50
333,"이투스247에서 학습계획이랑 플래너 관리가 유용했던 건, 그냥 “공부해라”가 아니라 뭘 얼마나 어떻게 해야 하는지를 계속 보이게 만들어준다는 점이었어요.",계획을 세우고 실천 여부를 확인하는 과정이 있어 하루를 더 밀도 있게 보낼 수 있었어요.,planner,"주제 유지 후 길이·표현 통일, 구어체/부적절 표현 정리",49
334,"덕분에 서울에 상경해서 즐거운 대학 생활을 즐기고 있는데, 부산에 가게 될 일이 있으면 찾아뵙겠었어요.",학습 환경과 상담의 도움으로 목표를 향해 끝까지 집중하며 좋은 변화를 만들 수 있었어요.,outcome,"주제 유지 후 길이·표현 통일, 실명/지점/특정 정보 제거",49
335,학습 관리 시스템은 학습 중 딴짓을 하지 않도록 환경을 만들어 주어 집중력을 유지하는 데 큰 도움이 되었어요.,면학 분위기가 잘 조성되어 있어 학원에 있는 동안 자연스럽게 공부에 몰입할 수 있었어요.,atm,주제 유지 후 길이·표현 통일,49
336,"정해진 시간표와 출결 관리 덕분에 규칙적인 생활을 할 수 있었고, 자연스럽게 공부에 집중하는 환경이 만들어졌었어요.",플래너 점검과 피드백을 통해 하루 공부량과 과목별 우선순위를 체계적으로 정리할 수 있었어요.,planner,주제 유지 후 길이·표현 통일,51
337,이러한 상담 시스템에 도움을 입어 논술 전략이나 성적 전략을 구체적으로 계획할 수 있어서 좋았어요.,매일 플래너를 확인받으며 계획을 실천하는 습관이 생겨 학습 루틴을 안정적으로 유지했어요.,planner,주제 유지 후 길이·표현 통일,49
338,우선 매너타임이라는 시스템을 통해 특정 시간대에 자습실에서 학생들의 이동 소음에 신경쓰이지 않고 다같이 집중 할 수 있는 공부 환경을 제공해주셨어요.,조용하고 집중된 학습 환경 덕분에 주변에 흔들리지 않고 공부 시간을 밀도 있게 보낼 수 있었어요.,atm,주제 유지 후 길이·표현 통일,54
339,학습과정에 있어서 불편하거나 막히는 부분이 있을 때마다 말씀드리면 항상 빠르게 수용해주시고 상황에 맞춰 자세하고 친절하게 상담해주셨었어요.,학습과 생활 전반을 함께 상담해주셔서 공부 외적인 불안까지 정리하고 집중력을 회복할 수 있었어요.,consult,주제 유지 후 길이·표현 통일,54
340,선생님 본인의 수험생활에서 효과를 보셨던 방법들부터 선배님들의 방법까지 소개해주셔서 도움이 많이 됐어요.,학원 생활 전반이 체계적으로 관리되어 학습 습관을 만들고 유지하는 데 큰 도움이 되었어요.,general,주제 유지 후 길이·표현 통일,50
341,내가 사탐런 반수생이라 사탐을 하나도 모르는 채로 들어왔으나 탐구원정대 시스템으로 사탐 개념을 빠르게 익힐 수 있었어요.,공부에 필요한 환경과 상담이 함께 제공되어 수험 생활을 안정적으로 이어갈 수 있었어요.,general,"주제 유지 후 길이·표현 통일, 실명/지점/특정 정보 제거",48
342,"자신이 어디까지 공부했고 어디가 부족한지 표시하여 그다음날 무엇을 더집중적으로 하고, 또 무엇을 보충할지 등 더 체계적으로 공부할 수 있었어요.",엄격하지만 따뜻한 분위기 속에서 공부에만 집중할 수 있어 수험 생활에 큰 도움이 되었어요.,atm,주제 유지 후 길이·표현 통일,50
343,휴대폰을 등교때 제출함으로써 집중력 분산도 안되고 온전히 공부에만 집중할수있는 환경이 만들어졌었어요.,입실 후 휴대폰을 관리하는 시스템 덕분에 학원에 있는 동안 집중력을 지킬 수 있었어요.,phone,주제 유지 후 길이·표현 통일,48
344,이투스247의 학습 계획 및 플래너 상담 시스템을 통해 더 계획적이고 정교한 수험 생활을 이어갈 수 있었어요.,학습 계획을 구체적으로 세우고 점검받으면서 막연했던 공부 방향을 명확히 잡을 수 있었어요.,planner,주제 유지 후 길이·표현 통일,50
345,담임 선생님의 세심한 멘탈 케어와 학습 상담이 수험 생활의 큰 버팀목이 되었어요.,혼자 고민하던 부분을 상담으로 정리할 수 있어 학습 방향을 잡는 데 큰 도움이 되었어요.,consult,주제 유지 후 길이·표현 통일,49
346,면학분위기 조성으로 학원에 있는 동안에는 공부에만 집중할 수 있었어요.,주변 학생들도 함께 집중하는 환경이라 스스로 흐트러지지 않고 꾸준히 공부할 수 있었어요.,atm,주제 유지 후 길이·표현 통일,49
347,매주 학습계획표를 짜서 학습 하는 과정이 수월했어요.,플래너 관리를 통해 부족한 부분을 확인하고 다음 학습 계획에 바로 반영할 수 있었어요.,planner,주제 유지 후 길이·표현 통일,48
348,면학 분위기 감독과 졸음 관리는 학습 집중도를 유지하는 데 큰 도움이 되었어요.,공부 중 졸릴 때마다 적절히 관리해주신 덕분에 순공 시간을 지키고 집중력을 유지할 수 있었어요.,sleep,주제 유지 후 길이·표현 통일,53
349,온라인으로 미리 예약한 후 질의응답하는 시스템을 통해 1분 1초가 아까운 수험생활에서 시간을 허비할 일이 없어서 좋았어요.,질문이 생겼을 때 빠르게 도움을 받을 수 있어 어려운 부분을 오래 미루지 않고 해결할 수 있었어요.,mentor,주제 유지 후 길이·표현 통일,55
350,더불어 수능과 동일한 시간표에 맞춰 생활 패턴을 관리할 수 있어 불필요한 시간 낭비 없이 학습에 집중할 수 있었어요.,주간 계획과 일일 계획을 함께 점검받아 공부 시간을 더 효율적으로 사용할 수 있었어요.,planner,주제 유지 후 길이·표현 통일,48
351,"단순한 관리가 아니라, 공부의 방향을 잡아준다는 점에서 상담의 도움이 컸다고 느낀었어요.",선생님과 꾸준히 이야기를 나누며 슬럼프를 극복하고 다시 공부에 몰입할 수 있었어요.,consult,주제 유지 후 길이·표현 통일,46
352,그렇게 상담을 할 때마다 나름대로의 동기부여도 되었던 것 같았어요.,현재 학습 상황에 맞춘 현실적인 조언을 받아 계획을 수정하고 실천하는 데 도움이 되었어요.,consult,주제 유지 후 길이·표현 통일,50
353,모의고사와 플래너를 함께 피드백해주셔서 앞으로의 방향을 가르쳐주신 점이 도움이 되었어요.,선생님의 피드백을 바탕으로 과목별 학습 비중을 조절하며 균형 있게 공부할 수 있었어요.,planner,주제 유지 후 길이·표현 통일,48
354,상담을 통해 또는 스스로 세운 계획을 얼마나 잘 지키고 있는지 점검함을 통해 학습관리를 잘 해주신 부분이 좋았어요.,계획을 세우고 실천 여부를 확인하는 과정이 있어 하루를 더 밀도 있게 보낼 수 있었어요.,planner,주제 유지 후 길이·표현 통일,49
355,멘토 선생님께서 직접 진도를 관리해 주셔서 이러한 문제를 해결할 수 있었어요.,과목별 학습 상담을 통해 부족한 단원과 유형을 파악하고 공부 계획에 반영할 수 있었어요.,mentor,주제 유지 후 길이·표현 통일,49
356,매일 플래너를 점검받고 피드백을 얻으면서 완벽한 학습 루틴을 만들 수 있었어요.,플래너 점검과 피드백을 통해 하루 공부량과 과목별 우선순위를 체계적으로 정리할 수 있었어요.,planner,주제 유지 후 길이·표현 통일,51
357,학원에서 생활하면서 전반적으로 체계적인 관리와 분위기 덕분에 공부에 집중할 수 있었던 점이 좋았어요.,체계적으로 관리되는 자습 분위기 덕분에 학원에 오면 자연스럽게 공부 모드로 전환됐어요.,atm,주제 유지 후 길이·표현 통일,48
358,"처음 상담 받으러 갔을 때부터 수능 전 마지막 이투스 모의고사 날까지 항상 관심을 가져주신 원장쌤, 아직 그때 주셨던 10000원 신권 가지고 있었어요.",모의고사 이후 성적과 취약점을 함께 점검하며 다음 학습 방향을 구체적으로 세울 수 있었어요.,mock,"주제 유지 후 길이·표현 통일, 실명/지점/특정 정보 제거, 구어체/부적절 표현 정리",51
359,"수능이 끝난 후 지금 돌아보면, 계속 주요과목에만 집중하는 루틴을 가져갔다면 수능에서 좋은 성적을 받지 못했을 것이라고 생각했어요.",체계적인 생활 관리가 있어 흐트러지기 쉬운 시기에도 꾸준한 공부 습관을 유지할 수 있었어요.,attendance,주제 유지 후 길이·표현 통일,51
360,나도 모르게 졸았을 때 감독선생님께서 깨워주셔서 계속 학업에 집중할 수 있었어요.,잠이 많아 걱정이었는데 생활 관리와 졸음 지도를 통해 규칙적인 학습 루틴을 만들 수 있었어요.,sleep,주제 유지 후 길이·표현 통일,52
361,학원에서 제공하는 학습계획 플래너 관리를 받으면서 공부의 질이 완전히 달라졌었어요.,매일 플래너를 확인받으며 계획을 실천하는 습관이 생겨 학습 루틴을 안정적으로 유지했어요.,planner,주제 유지 후 길이·표현 통일,49
362,저에겐 일상생활에 생긴 일에 대해 상담해주는 코칭 시스템이 주변환경의 짐을 덜어주고 공부에게만 집중하게 도와주었다고 생각했어요.,정기적인 상담을 통해 제 학습 상태를 객관적으로 돌아보고 필요한 공부 방향을 구체적으로 잡을 수 있었어요.,consult,주제 유지 후 길이·표현 통일,59
363,철저한 출결 및 생활 관리 시스템 덕분에 나태해지지 않고 꾸준히 순공 시간을 달성했어요.,출결과 생활 관리가 체계적으로 이루어져 나태해지지 않고 규칙적인 학습 습관을 유지할 수 있었어요.,attendance,주제 유지 후 길이·표현 통일,54
364,그렇지만 시스템적으로 부모님께 공개되다 보니 자의적으로 계획을 세우면서 체계적으로 공부했어요.,학습 계획을 구체적으로 세우고 점검받으면서 막연했던 공부 방향을 명확히 잡을 수 있었어요.,planner,주제 유지 후 길이·표현 통일,50
365,엄격하지만 따뜻한 면학 분위기 속에서 오직 학습에만 100% 몰입할 수 있었어요.,면학 분위기 관리가 꾸준히 이루어져 긴장감과 안정감을 함께 느끼며 공부할 수 있었어요.,atm,주제 유지 후 길이·표현 통일,48
366,매달 진행된 상담과 피드백을 통해 제 현재 상태를 객관적으로 파악하고 부족한 부분을 보완할 수 있어 많은 도움이 되었어요.,담임 선생님의 학습 상담과 멘탈 케어 덕분에 흔들릴 때마다 다시 마음을 잡고 공부할 수 있었어요.,consult,주제 유지 후 길이·표현 통일,54
367,이투스247의 학습계획이랑 플래너 관리도 도움이 많이 됐어요.,플래너 관리를 통해 부족한 부분을 확인하고 다음 학습 계획에 바로 반영할 수 있었어요.,planner,주제 유지 후 길이·표현 통일,48
368,"분위기를 잡아주는 생활 관리, 학업을 책임지는 교과 지도, 그리고 최종 합격을 설계하는 입시 전략까지요.",등·하원과 생활 패턴을 꾸준히 관리해주셔서 하루를 계획적으로 보내고 공부 리듬을 잡을 수 있었어요.,attendance,주제 유지 후 길이·표현 통일,55
369,"매주 담임 선생님과 학습 분량을 구체적으로 논의하고 계획하면서, 제가 가야 할 길에 대한 확신을 얻을 수 있었어요.",주간 계획과 일일 계획을 함께 점검받아 공부 시간을 더 효율적으로 사용할 수 있었어요.,planner,주제 유지 후 길이·표현 통일,48
370,담임 선생님의 세심한 멘탈 케어와 학습 상담이 수험 생활의 큰 버팀목이 되었어요.,상담 과정에서 제 상황에 맞는 조언을 받을 수 있어 수험 생활을 더 안정적으로 이어갈 수 있었어요.,consult,주제 유지 후 길이·표현 통일,55
371,조용하고 차분한 면학 분위기에서 공부에 집중할 수 있었어요.,공부에 방해되는 요소가 줄어든 환경이라 하루 학습 시간을 더 효과적으로 활용할 수 있었어요.,atm,주제 유지 후 길이·표현 통일,51
372,되게 체계적으로 공부한다는 기분이 들었고 어떻게 공부해야할지 막막했는데 딱딱 정해서 이만큼씩 하면 돼요.,체계적인 학습 관리와 안정적인 분위기 덕분에 수험 생활 동안 공부에 집중할 수 있었어요.,general,주제 유지 후 길이·표현 통일,49
373,담임선생님을 배정하여 각자 어떤 방식으로 공부하는지 매주 확인하는 것이 좋은 시스템이었다고 생각했어요.,학습과 생활 전반을 함께 상담해주셔서 공부 외적인 불안까지 정리하고 집중력을 회복할 수 있었어요.,consult,주제 유지 후 길이·표현 통일,54
374,면학 분위기 감독 및 졸음 관리를 선택한 이유는 학습에 집중할 수 있는 환경이 잘 조성되어 있었기 때문이었어요.,수시로 학습 분위기를 점검해주셔서 졸음을 줄이고 더 오래 집중하는 습관을 기를 수 있었어요.,sleep,주제 유지 후 길이·표현 통일,51
375,플래너 관리를 통해 부족한 부분을 보완할 수 있었어요.,선생님의 피드백을 바탕으로 과목별 학습 비중을 조절하며 균형 있게 공부할 수 있었어요.,planner,주제 유지 후 길이·표현 통일,48
376,다른 학원들처럼 딱딱한 분위기가 아닌 편안한 분위기에서 제 의견을 잘 들어주시면서 학습 계획을 짜주셨었어요.,계획을 세우고 실천 여부를 확인하는 과정이 있어 하루를 더 밀도 있게 보낼 수 있었어요.,planner,주제 유지 후 길이·표현 통일,49
